Phase,Blue,Red,Score,Winner,Patch,BB1,RB1,BB2,RB2,BB3,RB3,BP1,RP1-2,BP2-3,RP3,RB4,BB4,RB5,BB5,RP4,BP4-5,RP5,BR1,BR2,BR3,BR4,BR5,RR1,RR2,RR3,RR4,RR5,SB,VOD
Week 4,TALON (Hong Kong Team),MGN Vikings Esports,2 - 1,1,25.S1.3,Zyra,Kalista,Wukong,K'Sante,Viktor,Vi,Aurora,"Ezreal, Lee Sin","Pantheon, Gragas",Karma,Lulu,Galio,Jhin,Orianna,Maokai,"Jinx, Poppy",Leona,Mid,Jungle,Top,Bot,Support,Bot,Jungle,Mid,Top,Support,SB,https://youtu.be/FBCodivy_V4?t=15639
Week 4,MGN Vikings Esports,TALON (Hong Kong Team),1 - 1,1,25.S1.3,Kalista,K'Sante,Leona,Zyra,Vi,Aurora,Nocturne,"Kai'Sa, Xin Zhao","Ashe, Ambessa",Udyr,Pyke,Poppy,Orianna,Mel,Elise,"Annie, Ryze",Taliyah,Jungle,Bot,Top,Support,Mid,Bot,Jungle,Top,Support,Mid,SB,https://youtu.be/FBCodivy_V4?t=12865
Week 4,TALON (Hong Kong Team),MGN Vikings Esports,1 - 0,1,25.S1.3,Zyra,Kalista,K'Sante,Aurora,Ambessa,Nocturne,Skarner,"Corki, Jayce","Rumble, Varus",Brand,Leona,Jhin,Elise,Poppy,Nautilus,"Azir, Rell",Miss Fortune,Jungle,Top,Bot,Mid,Support,Mid,Top,Jungle,Support,Bot,SB,https://youtu.be/FBCodivy_V4?t=9544
Week 4,CTBC Flying Oyster,Chiefs Esports Club,2 - 0,1,25.S1.3,Aurora,Xin Zhao,Akali,Zyra,K'Sante,Jayce,Skarner,"Nocturne, Varus","Kai'Sa, Corki",Orianna,Jax,Poppy,Leona,Rakan,Alistar,"Udyr, Gragas",Sett,Jungle,Bot,Mid,Top,Support,Jungle,Bot,Mid,Support,Top,SB,https://youtu.be/FBCodivy_V4?t=5419
Week 4,CTBC Flying Oyster,Chiefs Esports Club,1 - 0,1,25.S1.3,Aurora,Zyra,K'Sante,Xin Zhao,Skarner,Corki,Kalista,"Rumble, Sejuani","Vi, Renata Glasc",Yone,Akali,Varus,Galio,Ashe,Miss Fortune,"Mel, Ornn",Nautilus,Bot,Jungle,Support,Mid,Top,Top,Jungle,Mid,Bot,Support,SB,https://youtu.be/FBCodivy_V4?t=2565
Week 4,GAM Esports,Team Secret Whales,0 - 2,2,25.S1.3,Wukong,Corki,Ezreal,Skarner,Kalista,Nocturne,K'Sante,"Aurora, Xin Zhao","Lee Sin, Orianna",Ambessa,Ashe,Kai'Sa,Poppy,Miss Fortune,Rakan,"Renata Glasc, Zeri",Jinx,Top,Jungle,Mid,Support,Bot,Mid,Jungle,Top,Support,Bot,SB,https://youtu.be/5y5kz6GqHJg?t=10641
Week 4,Team Secret Whales,GAM Esports,1 - 0,1,25.S1.3,Corki,Aurora,Zyra,Kalista,Skarner,Nocturne,Varus,"Rumble, Vi","Galio, Elise",Yone,Wukong,Kai'Sa,Xin Zhao,Miss Fortune,Caitlyn,"Viego, Jayce",Karma,Bot,Mid,Support,Jungle,Top,Top,Jungle,Mid,Bot,Support,SB,https://youtu.be/5y5kz6GqHJg?t=7784
Week 4,DetonatioN FocusMe,Fukuoka SoftBank HAWKS gaming,0 - 2,2,25.S1.3,Skarner,K'Sante,Rakan,Aurora,Poppy,Vi,Varus,"Miss Fortune, Ambessa","Jayce, Pantheon",Sejuani,Renata Glasc,Viktor,Orianna,Alistar,Elise,"Shen, Ahri",Sylas,Bot,Top,Jungle,Support,Mid,Bot,Top,Jungle,Support,Mid,SB,https://youtu.be/5y5kz6GqHJg?t=2803
Week 4,DetonatioN FocusMe,Fukuoka SoftBank HAWKS gaming,0 - 1,2,25.S1.3,Skarner,Kalista,Sejuani,K'Sante,Rakan,Aurora,Ashe,"Rumble, Xin Zhao","Braum, Azir",Ezreal,Vi,Akali,Viego,Viktor,Leona,"Wukong, Ornn",Taliyah,Bot,Support,Mid,Jungle,Top,Top,Jungle,Bot,Support,Mid,SB,https://youtu.be/5y5kz6GqHJg?t=1
Week 4,CTBC Flying Oyster,TALON (Hong Kong Team),2 - 1,1,25.S1.3,Lee Sin,Skarner,Kalista,Rumble,Renata Glasc,Wukong,Rakan,"Corki, Nocturne","Xayah, Gragas",Aurora,Orianna,Poppy,Taliyah,Elise,Rell,"Galio, Kindred",Gnar,Support,Bot,Top,Mid,Jungle,Bot,Jungle,Mid,Support,Top,SB,https://youtu.be/jYt9B0uLOlU?t=11305
Week 4,TALON (Hong Kong Team),CTBC Flying Oyster,1 - 1,1,25.S1.3,Zyra,Rumble,Rakan,Skarner,Akali,Kalista,Vi,"Viktor, Sejuani","Varus, Xerath",Ambessa,Renekton,Corki,Renata Glasc,Miss Fortune,Draven,"Udyr, Leona",Braum,Jungle,Bot,Mid,Top,Support,Mid,Jungle,Top,Bot,Support,SB,https://youtu.be/jYt9B0uLOlU?t=7859
Week 4,CTBC Flying Oyster,TALON (Hong Kong Team),1 - 0,1,25.S1.3,Rumble,Zyra,Varus,Skarner,Kalista,Corki,Azir,"Jayce, Pantheon","K'Sante, Xin Zhao",Mel,Rakan,Ashe,Leona,Miss Fortune,Ezreal,"Kai'Sa, Nautilus",Alistar,Mid,Top,Jungle,Bot,Support,Top,Jungle,Mid,Bot,Support,SB,https://youtu.be/jYt9B0uLOlU?t=4421
Week 4,MGN Vikings Esports,Chiefs Esports Club,2 - 0,1,25.S1.3,Kalista,Nocturne,Aurora,Zyra,Skarner,Jayce,K'Sante,"Viego, Corki","Miss Fortune, Lee Sin",Renekton,Pyke,Poppy,Elise,Ahri,Rell,"Rakan, Hwei",Akali,Top,Bot,Jungle,Support,Mid,Jungle,Bot,Top,Support,Mid,SB,https://youtu.be/jYt9B0uLOlU?t=425
Week 4,Chiefs Esports Club,MGN Vikings Esports,0 - 1,2,25.S1.3,Nocturne,Kalista,Zyra,Aurora,Jayce,K'Sante,Ashe,"Ambessa, Varus","Vi, Neeko",Nautilus,Braum,Brand,Leona,Nidalee,Sejuani,"Sion, Sylas",Azir,Bot,Jungle,Support,Top,Mid,Top,Bot,Support,Jungle,Mid,SB,https://youtu.be/sFr9aFC0S_w?t=2664
Week 4,DetonatioN FocusMe,GAM Esports,0 - 2,2,25.S1.3,Kalista,Aurora,Ambessa,Vi,Nocturne,Ashe,K'Sante,"Jayce, Varus","Miss Fortune, Sejuani",Renata Glasc,Mel,Wukong,Neeko,Viktor,Diana,"Taliyah, Pyke",Yone,Top,Bot,Jungle,Mid,Support,Top,Bot,Support,Jungle,Mid,SB,https://youtu.be/gx3RaqlcKYo?t=13525
Week 4,GAM Esports,DetonatioN FocusMe,1 - 0,1,25.S1.3,Aurora,Kalista,Ashe,Nocturne,Vi,K'Sante,Skarner,"Kai'Sa, Xin Zhao","Rumble, Corki",Rakan,Poppy,Udyr,Alistar,Ornn,Sion,"Caitlyn, Elise",Azir,Jungle,Top,Mid,Bot,Support,Bot,Jungle,Support,Top,Mid,SB,https://youtu.be/gx3RaqlcKYo?t=10380
Week 4,Team Secret Whales,Fukuoka SoftBank HAWKS gaming,2 - 0,1,25.S1.3,Skarner,Kalista,Xin Zhao,Rumble,Ezreal,Zyra,Mel,"Caitlyn, Elise","Vi, Jayce",Poppy,Jhin,Pantheon,Orianna,Nocturne,Lee Sin,"Miss Fortune, Leona",Viktor,Mid,Jungle,Top,Bot,Support,Bot,Support,Top,Jungle,Mid,SB,https://youtu.be/gx3RaqlcKYo?t=4891
Week 4,Fukuoka SoftBank HAWKS gaming,Team Secret Whales,0 - 1,2,25.S1.3,Kalista,Skarner,Rumble,Xin Zhao,Nocturne,Mel,K'Sante,"Aurora, Wukong","Sejuani, Azir",Ambessa,Ashe,Poppy,Ezreal,Elise,Varus,"Kai'Sa, Alistar",Renata Glasc,Top,Jungle,Mid,Bot,Support,Mid,Jungle,Top,Bot,Support,SB,https://youtu.be/gx3RaqlcKYo?t=1648
Week 3,TALON (Hong Kong Team),GAM Esports,2 - 1,1,25.S1.3,K'Sante,Kalista,Vi,Viktor,Jayce,Rumble,Corki,"Ahri, Wukong","Xin Zhao, Udyr",Jax,Ashe,Rakan,Jhin,Caitlyn,Poppy,"Renata Glasc, Mel",Zeri,Bot,Jungle,Top,Support,Mid,Mid,Jungle,Top,Support,Bot,SB,https://youtu.be/EfTU0eS1d2c?t=16879
Week 3,GAM Esports,TALON (Hong Kong Team),1 - 1,1,25.S1.3,Viktor,Kalista,Jayce,Corki,Rumble,K'Sante,Aurora,"Pantheon, Ezreal","Nocturne, Miss Fortune",Orianna,Jax,Vi,Rakan,Xin Zhao,Leona,"Nautilus, Camille",Gnar,Mid,Jungle,Bot,Support,Top,Jungle,Bot,Mid,Support,Top,SB,https://youtu.be/EfTU0eS1d2c?t=13094
Week 3,TALON (Hong Kong Team),GAM Esports,1 - 0,1,25.S1.3,Akali,Kalista,K'Sante,Rumble,Jayce,Aurora,Skarner,"Varus, Ambessa","Renekton, Azir",Lillia,Miss Fortune,Corki,Ashe,Poppy,Tryndamere,"Kai'Sa, Elise",Rell,Jungle,Top,Mid,Bot,Support,Bot,Top,Jungle,Mid,Support,SB,https://youtu.be/EfTU0eS1d2c?t=10088
Week 3,Fukuoka SoftBank HAWKS gaming,Chiefs Esports Club,2 - 0,1,25.S1.3,Kalista,Rumble,Nocturne,Skarner,Pantheon,Miss Fortune,K'Sante,"Ornn, Ezreal","Kai'Sa, Vi",Viego,Nautilus,Galio,Rakan,Elise,Alistar,"Rell, Akali",Ahri,Top,Bot,Jungle,Support,Mid,Top,Bot,Jungle,Support,Mid,SB,https://youtu.be/EfTU0eS1d2c?t=5602
Week 3,Chiefs Esports Club,Fukuoka SoftBank HAWKS gaming,0 - 1,2,25.S1.3,Ambessa,Skarner,Rumble,Kalista,Azir,K'Sante,Wukong,"Xin Zhao, Ashe","Aurora, Jayce",Poppy,Kai'Sa,Viktor,Ziggs,Orianna,Hwei,"Mel, Leona",Braum,Jungle,Mid,Top,Bot,Support,Jungle,Bot,Top,Mid,Support,SB,https://youtu.be/EfTU0eS1d2c?t=2548
Week 3,MGN Vikings Esports,DetonatioN FocusMe,2 - 1,1,25.S1.3,Vi,Zyra,Kalista,Nocturne,Sejuani,Corki,Aurora,"Caitlyn, Viego","Lee Sin, Jax",Azir,Kai'Sa,Sion,Jinx,Lux,Gragas,"Lucian, Nami",Karma,Mid,Jungle,Top,Bot,Support,Bot,Jungle,Mid,Top,Support,SB,https://youtu.be/rXg6uqsm20Y?t=21018
Week 3,DetonatioN FocusMe,MGN Vikings Esports,1 - 1,1,25.S1.3,Zyra,Vi,Nocturne,Kalista,Corki,Aurora,Rumble,"Ambessa, Miss Fortune","Ezreal, Pantheon",Skarner,Karma,Viktor,Leona,Rell,Elise,"Ahri, Braum",Lissandra,Top,Bot,Jungle,Mid,Support,Top,Bot,Jungle,Support,Mid,SB,https://youtu.be/rXg6uqsm20Y?t=17726
Week 3,MGN Vikings Esports,DetonatioN FocusMe,1 - 0,1,25.S1.3,Vi,Zyra,Kalista,Nocturne,Aurora,Corki,K'Sante,"Ashe, Xin Zhao","Varus, Wukong",Jayce,Pyke,Azir,Poppy,Braum,Rakan,"Orianna, Nautilus",Hwei,Top,Bot,Jungle,Mid,Support,Bot,Jungle,Top,Support,Mid,SB,https://youtu.be/rXg6uqsm20Y?t=14643
Week 3,CTBC Flying Oyster,Team Secret Whales,1 - 2,2,25.S1.3,Elise,Zyra,Udyr,Rumble,Akali,Aurora,Varus,"Miss Fortune, Nocturne","Sejuani, Yone",Jax,Gragas,Rell,Sion,Sylas,Galio,"Urgot, Nautilus",Poppy,Bot,Jungle,Mid,Top,Support,Bot,Jungle,Top,Mid,Support,SB,https://youtu.be/rXg6uqsm20Y?t=10014
Week 3,Team Secret Whales,CTBC Flying Oyster,1 - 1,1,25.S1.3,Zyra,Aurora,Rumble,Nocturne,Varus,Elise,Kalista,"Skarner, Corki","Renata Glasc, Wukong",Ambessa,Viktor,Taliyah,Akali,Poppy,Mel,"Ahri, Renekton",Leona,Bot,Support,Jungle,Mid,Top,Jungle,Bot,Top,Mid,Support,SB,https://youtu.be/rXg6uqsm20Y?t=7037
Week 3,CTBC Flying Oyster,Team Secret Whales,1 - 0,1,25.S1.3,Aurora,Zyra,Nocturne,Skarner,Elise,Rumble,K'Sante,"Vi, Orianna","Xin Zhao, Azir",Jayce,Varus,Poppy,Ezreal,Renata Glasc,Ashe,"Rakan, Kai'Sa",Braum,Top,Jungle,Mid,Support,Bot,Jungle,Mid,Top,Bot,Support,SB,https://youtu.be/rXg6uqsm20Y?t=2581
Week 3,Chiefs Esports Club,GAM Esports,0 - 2,2,25.S1.2,Ambessa,Aurora,Rumble,Skarner,Jayce,K'Sante,Ashe,"Ezreal, Nidalee","Braum, Renekton",Jax,Vi,Rakan,Zyra,Yone,Bard,"Lee Sin, Azir",Hwei,Bot,Support,Top,Jungle,Mid,Bot,Jungle,Top,Support,Mid,SB,https://youtu.be/E7ylaGq2I84?t=13264
Week 3,Chiefs Esports Club,GAM Esports,0 - 1,2,25.S1.2,Ambessa,Aurora,Rumble,Skarner,Jayce,K'Sante,Varus,"Kalista, Neeko","Viego, Galio",Corki,Nautilus,Zyra,Rell,Jax,Diana,"Sion, Leona",Udyr,Bot,Jungle,Mid,Top,Support,Bot,Support,Mid,Jungle,Top,SB,https://youtu.be/E7ylaGq2I84?t=10219
Week 3,Fukuoka SoftBank HAWKS gaming,TALON (Hong Kong Team),0 - 2,2,25.S1.2,Kalista,Rumble,Aurora,Skarner,Nocturne,Corki,Miss Fortune,"Pantheon, Ashe","Sejuani, Jax",Braum,Rell,Ambessa,Rakan,Ahri,Orianna,"Alistar, Sylas",Gragas,Bot,Jungle,Top,Support,Mid,Jungle,Bot,Support,Mid,Top,SB,https://youtu.be/E7ylaGq2I84?t=5833
Week 3,Fukuoka SoftBank HAWKS gaming,TALON (Hong Kong Team),0 - 1,2,25.S1.2,Kalista,Rumble,Corki,Skarner,Aurora,Ambessa,K'Sante,"Varus, Vi","Xin Zhao, Ezreal",Viktor,Sylas,Poppy,Akali,Alistar,Jayce,"Azir, Leona",Renata Glasc,Top,Jungle,Bot,Mid,Support,Bot,Jungle,Mid,Top,Support,SB,https://youtu.be/E7ylaGq2I84?t=2867
Week 3,Team Secret Whales,MGN Vikings Esports,0 - 2,2,25.S1.2,Zyra,Kalista,K'Sante,Elise,Ashe,Nocturne,Miss Fortune,"Corki, Udyr","Rell, Jax",Diana,Xin Zhao,Poppy,Lee Sin,Rakan,Kai'Sa,"Lillia, Tristana",Pyke,Bot,Support,Top,Jungle,Mid,Mid,Top,Jungle,Bot,Support,SB,https://www.youtube.com/live/WpNG4qT-q3I?si=gyzfy0T79Aa_6qtR&t=13682
Week 3,MGN Vikings Esports,Team Secret Whales,1 - 0,1,25.S1.2,Elise,Zyra,Kalista,K'Sante,Vi,Nocturne,Jayce,"Aurora, Viego","Wukong, Viktor",Ambessa,Poppy,Caitlyn,Ashe,Miss Fortune,Varus,"Ezreal, Leona",Nautilus,Top,Jungle,Mid,Bot,Support,Mid,Jungle,Top,Bot,Support,SB,https://www.youtube.com/live/WpNG4qT-q3I?si=-pXlozaJ5kiC37Pu&t=9728
Week 3,DetonatioN FocusMe,CTBC Flying Oyster,0 - 2,2,25.S1.2,Zyra,Aurora,Kalista,Vi,Skarner,Viego,Rumble,"Corki, Wukong","Nocturne, Orianna",Rakan,Ezreal,Galio,Poppy,Xayah,Sion,"Sivir, Rell",Viktor,Top,Jungle,Mid,Bot,Support,Bot,Jungle,Support,Top,Mid,SB,https://www.youtube.com/live/WpNG4qT-q3I?si=pqFEY9PtmxYck-is&t=5772
Week 3,CTBC Flying Oyster,DetonatioN FocusMe,1 - 0,1,25.S1.2,Aurora,Skarner,Vi,Zyra,Viego,Kalista,K'Sante,"Jayce, Ashe","Xin Zhao, Varus",Braum,Rakan,Pantheon,Orianna,Wukong,Sejuani,"Azir, Bard",Hwei,Top,Jungle,Bot,Mid,Support,Top,Bot,Support,Jungle,Mid,SB,https://www.youtube.com/live/WpNG4qT-q3I?si=RUorSA1TBbBuc8TW&t=2686
Week 2,DetonatioN FocusMe,TALON (Hong Kong Team),0 - 2,2,25.S1.2,Kalista,Zyra,Skarner,Nocturne,Jayce,Ashe,Caitlyn,"Jhin, Xin Zhao","Viego, Jax",Aurora,Orianna,Ambessa,Viktor,Neeko,Gragas,"Vladimir, Pantheon",Alistar,Bot,Jungle,Top,Mid,Support,Bot,Jungle,Mid,Top,Support,SB,https://youtu.be/UKYyczfiaLw?t=15004
Week 2,TALON (Hong Kong Team),DetonatioN FocusMe,1 - 0,1,25.S1.2,Zyra,Kalista,Aurora,Skarner,Orianna,Ashe,Corki,"Varus, K'Sante","Sejuani, Rumble",Vi,Ezreal,Taliyah,Yone,Poppy,Rakan,"Miss Fortune, Rell",Ahri,Mid,Jungle,Top,Bot,Support,Bot,Top,Jungle,Support,Mid,SB,https://youtu.be/UKYyczfiaLw?t=11409
Week 2,Chiefs Esports Club,Team Secret Whales,0 - 2,2,25.S1.2,Corki,Skarner,Nocturne,Kalista,Orianna,Viego,Miss Fortune,"Jayce, Nidalee","Rell, Lee Sin",Tristana,K'Sante,Alistar,Viktor,Nautilus,Ashe,"Ornn, Hwei",Braum,Bot,Support,Jungle,Top,Mid,Top,Jungle,Mid,Bot,Support,SB,https://youtu.be/UKYyczfiaLw?t=5701
Week 2,Chiefs Esports Club,Team Secret Whales,0 - 1,2,25.S1.2,Corki,Skarner,Nocturne,Kalista,Miss Fortune,Viego,Ezreal,"Varus, Aurora","Leona, Xin Zhao",Pantheon,Orianna,Braum,K'Sante,Jayce,Elise,"Sion, Azir",Jax,Bot,Support,Jungle,Top,Mid,Bot,Mid,Jungle,Support,Top,SB,https://youtu.be/UKYyczfiaLw?t=2557
Week 2,CTBC Flying Oyster,GAM Esports,2 - 1,1,25.S1.2,Jayce,Yone,Vi,Viktor,Caitlyn,K'Sante,Miss Fortune,"Xayah, Rakan","Wukong, Alistar",Udyr,Urgot,Sylas,Taliyah,Lee Sin,Galio,"Swain, Gragas",Kindred,Bot,Jungle,Support,Mid,Top,Bot,Support,Top,Mid,Jungle,SB,https://youtu.be/4_ZJDjv9OF8?t=18841
Week 2,GAM Esports,CTBC Flying Oyster,1 - 1,1,25.S1.2,Yone,Caitlyn,Viktor,K'Sante,Vi,Jayce,Skarner,"Rumble, Varus","Ashe, Jax",Xin Zhao,Sylas,Rell,Seraphine,Rakan,Azir,"Akali, Renata Glasc",Leona,Jungle,Bot,Top,Mid,Support,Top,Bot,Jungle,Mid,Support,SB,https://youtu.be/4_ZJDjv9OF8?t=14937
Week 2,GAM Esports,CTBC Flying Oyster,0 - 1,2,25.S1.2,Ashe,Rumble,Yone,K'Sante,Skarner,Jayce,Kalista,"Corki, Zyra","Neeko, Nocturne",Ambessa,Renekton,Leona,Jax,Rell,Ezreal,"Poppy, Aurora",Nautilus,Bot,Support,Jungle,Top,Mid,Mid,Jungle,Top,Bot,Support,SB,
Week 2,Fukuoka SoftBank HAWKS gaming,MGN Vikings Esports,0 - 2,2,25.S1.2,Zyra,Rumble,Jayce,Vi,Poppy,Kalista,Sejuani,"Aurora, Miss Fortune","Jax, Yone",Viego,Kai'Sa,Renekton,Ezreal,Gragas,Udyr,"Corki, Alistar",Rakan,Jungle,Top,Mid,Bot,Support,Mid,Bot,Jungle,Top,Support,SB,https://youtu.be/4_ZJDjv9OF8?t=5655
Week 2,Fukuoka SoftBank HAWKS gaming,MGN Vikings Esports,0 - 1,2,25.S1.2,Kalista,Rumble,Zyra,Vi,Nocturne,Aurora,Skarner,"K'Sante, Ashe","Varus, Ambessa",Brand,Rakan,Renata Glasc,Orianna,Braum,Tristana,"Rell, Azir",Pyke,Jungle,Bot,Top,Support,Mid,Top,Bot,Jungle,Mid,Support,SB,https://youtu.be/4_ZJDjv9OF8?t=2653
Week 2,Team Secret Whales,TALON (Hong Kong Team),0 - 2,2,25.S1.1,Ashe,Nocturne,Skarner,Corki,Kalista,Varus,Ezreal,"K'Sante, Kai'Sa","Leona, Orianna",Azir,Vi,Nautilus,Wukong,Pantheon,Lee Sin,"Sejuani, Gnar",Alistar,Bot,Support,Mid,Jungle,Top,Top,Bot,Mid,Jungle,Support,SB,https://youtu.be/wGXe55pvOGM?t=19804
Week 2,TALON (Hong Kong Team),Team Secret Whales,1 - 0,1,25.S1.1,Nocturne,Skarner,Varus,Ashe,Corki,Kalista,Jayce,"Miss Fortune, Aurora","Xin Zhao, Viktor",Rell,Braum,Wukong,Ezreal,K'Sante,Ambessa,"Jhin, Poppy",Viego,Top,Jungle,Mid,Bot,Support,Bot,Mid,Support,Top,Jungle,SB,https://youtu.be/wGXe55pvOGM?t=16049
Week 2,Chiefs Esports Club,DetonatioN FocusMe,1 - 2,2,25.S1.1,Zyra,Nocturne,Sejuani,Skarner,Yone,Viego,Corki,"Rumble, Maokai","Leona, Galio",Yasuo,Lillia,Nautilus,Nidalee,Rakan,Ashe,"Kindred, Akali",Gragas,Bot,Support,Top,Jungle,Mid,Top,Support,Mid,Bot,Jungle,SB,https://youtu.be/wGXe55pvOGM?t=10595
Week 2,DetonatioN FocusMe,Chiefs Esports Club,1 - 1,2,25.S1.1,Nocturne,Viego,Galio,Skarner,Ashe,Zyra,Vi,"Kalista, Xin Zhao","Taliyah, Ambessa",Renata Glasc,Ezreal,Rumble,Rakan,Orianna,Sion,"Azir, Alistar",Viktor,Jungle,Bot,Top,Mid,Support,Bot,Jungle,Support,Top,Mid,SB,https://youtu.be/wGXe55pvOGM?t=7284
Week 2,Chiefs Esports Club,DetonatioN FocusMe,0 - 1,2,25.S1.1,Viego,Nocturne,Zyra,Ashe,Vi,Skarner,K'Sante,"Jayce, Varus","Miss Fortune, Wukong",Rell,Alistar,Sejuani,Poppy,Xin Zhao,Pantheon,"Braum, Aurora",Vladimir,Top,Bot,Jungle,Support,Mid,Top,Bot,Support,Jungle,Mid,SB,https://youtu.be/wGXe55pvOGM?t=3223
Week 1,Fukuoka SoftBank HAWKS gaming,CTBC Flying Oyster,0 - 2,2,25.S1.1,Jayce,K'Sante,Vi,Rumble,Viktor,Skarner,Ashe,"Xin Zhao, Corki","Wukong, Braum",Rakan,Ahri,Taliyah,Orianna,Aurora,Gragas,"Renekton, Sylas",Galio,Bot,Jungle,Support,Top,Mid,Jungle,Bot,Support,Top,Mid,SB,https://www.youtube.com/live/6MTpwB9fvt8?si=AtL_VaooNJssC1je&t=17736
Week 1,Fukuoka SoftBank HAWKS gaming,CTBC Flying Oyster,0 - 1,2,25.S1.1,Jayce,K'Sante,Vi,Rumble,Skarner,Ashe,Sejuani,"Zyra, Yone","Miss Fortune, Ambessa",Jax,Akali,Xayah,Viktor,Varus,Leona,"Poppy, Azir",Ezreal,Jungle,Bot,Top,Support,Mid,Jungle,Mid,Top,Support,Bot,SB,https://www.youtube.com/live/6MTpwB9fvt8?si=AtL_VaooNJssC1je&t=13122
Week 1,MGN Vikings Esports,GAM Esports,2 - 0,1,25.S1.1,Vi,Kalista,Rumble,Zyra,Caitlyn,Miss Fortune,Nocturne,"K'Sante, Galio","Jayce, Hwei",Kindred,Ezreal,Jinx,Jhin,Kai'Sa,Corki,"Poppy, Smolder",Elise,Jungle,Top,Mid,Support,Bot,Top,Mid,Jungle,Bot,Support,SB,https://www.youtube.com/live/6MTpwB9fvt8?si=AtL_VaooNJssC1je&t=7542
Week 1,GAM Esports,MGN Vikings Esports,0 - 1,2,25.S1.1,Nocturne,Vi,Zyra,Rumble,K'Sante,Jayce,Skarner,"Ashe, Aurora","Varus, Viktor",Viego,Nautilus,Rakan,Poppy,Rell,Jax,"Ambessa, Alistar",Pyke,Jungle,Bot,Mid,Top,Support,Bot,Mid,Jungle,Top,Support,SB,https://www.youtube.com/live/6MTpwB9fvt8?si=VNS4s1DXQW1SLP3c&t=3724
Week 1,Chiefs Esports Club,TALON (Hong Kong Team),0 - 2,2,25.S1.1,Kalista,Nocturne,Skarner,Ashe,Ambessa,K'Sante,Jayce,"Miss Fortune, Viktor","Vi, Akali",Xin Zhao,Kai'Sa,Gragas,Rakan,Poppy,Udyr,"Caitlyn, Neeko",Nautilus,Top,Jungle,Mid,Bot,Support,Bot,Mid,Jungle,Top,Support,SB,https://www.youtube.com/live/QnN-2IyGmyc?si=qZnThDp17qV06pR0&t=18858
Week 1,TALON (Hong Kong Team),Chiefs Esports Club,1 - 0,1,25.S1.1,Nocturne,Skarner,Yone,Kalista,K'Sante,Renata Glasc,Rumble,"Varus, Galio","Corki, Sejuani",Viego,Alistar,Poppy,Ashe,Neeko,Rell,"Ezreal, Braum",Ahri,Top,Mid,Jungle,Bot,Support,Bot,Top,Jungle,Support,Mid,SB,https://www.youtube.com/live/QnN-2IyGmyc?si=qZnThDp17qV06pR0&t=15011
Week 1,DetonatioN FocusMe,Team Secret Whales,0 - 2,2,25.S1.1,Nocturne,Skarner,Varus,Viego,Viktor,Kalista,Vi,"Orianna, Wukong","K'Sante, Aurora",Ezreal,Caitlyn,Elise,Xayah,Rell,Malphite,"Kai'Sa, Rakan",Poppy,Jungle,Top,Mid,Bot,Support,Mid,Jungle,Bot,Top,Support,SB,https://www.youtube.com/live/QnN-2IyGmyc?si=GkC5eYdO3OK18VlE&t=7369
Week 1,Team Secret Whales,DetonatioN FocusMe,1 - 0,1,25.S1.1,K'Sante,Nocturne,Viego,Viktor,Skarner,Vi,Corki,"Ashe, Zyra","Nidalee, Jayce",Leona,Ezreal,Renekton,Braum,Tristana,Yone,"Miss Fortune, Alistar",Ambessa,Mid,Jungle,Top,Bot,Support,Bot,Jungle,Support,Mid,Top,SB,https://www.youtube.com/live/QnN-2IyGmyc?si=4gygrLUbjGq1iFjw&t=4074
Week 1,GAM Esports,Fukuoka SoftBank HAWKS gaming,2 - 1,1,25.S1.1,Viktor,Kalista,Ashe,Skarner,Nocturne,Vi,Varus,"Ezreal, Viego","Jayce, Xin Zhao",Ornn,Renata Glasc,Azir,Poppy,Rell,Nautilus,"Alistar, Aurora",Sylas,Bot,Top,Jungle,Support,Mid,Bot,Jungle,Top,Support,Mid,SB,https://www.youtube.com/live/nykRYATn1UE?si=eBqoq2vUP9L9JTXL&t=24666
Week 1,Fukuoka SoftBank HAWKS gaming,GAM Esports,1 - 1,1,25.S1.1,Vi,Skarner,Kalista,Varus,Nocturne,Ashe,Miss Fortune,"Jax, Jinx","Sejuani, Ambessa",Braum,Azir,Lillia,Aurora,Xin Zhao,Zyra,"Rakan, Yone",Renekton,Bot,Jungle,Top,Support,Mid,Top,Bot,Support,Jungle,Mid,SB,https://www.youtube.com/live/nykRYATn1UE?si=yRZazi5XniiiZPAb&t=19884
Week 1,Fukuoka SoftBank HAWKS gaming,GAM Esports,0 - 1,2,25.S1.1,Kalista,Skarner,Vi,Varus,Aurora,Ashe,Corki,"K'Sante, Caitlyn","Rumble, Wukong",Lux,Nautilus,Sejuani,Pyke,Nocturne,Galio,"Jhin, Leona",Kindred,Mid,Top,Jungle,Bot,Support,Top,Bot,Support,Mid,Jungle,SB,https://www.youtube.com/live/nykRYATn1UE?si=jvIm54BnE_Ol3T8S&t=16685
Week 1,MGN Vikings Esports,CTBC Flying Oyster,1 - 2,2,25.S1.1,Vi,Corki,Rumble,Aurora,Skarner,Ashe,Nocturne,"Caitlyn, Wukong","Jhin, Rell",Braum,Akali,Azir,Gnar,Ahri,Gragas,"Sion, Hwei",Taliyah,Jungle,Bot,Support,Top,Mid,Bot,Jungle,Support,Top,Mid,SB,https://www.youtube.com/live/nykRYATn1UE?si=yQXJTgynxtNaW4HS&t=11253
Week 1,CTBC Flying Oyster,MGN Vikings Esports,1 - 1,1,25.S1.1,Nocturne,Ashe,Corki,Vi,Aurora,Skarner,K'Sante,"Ezreal, Poppy","Xin Zhao, Viktor",Orianna,Caitlyn,Viego,Leona,Wukong,Lee Sin,"Kai'Sa, Alistar",Ambessa,Top,Jungle,Mid,Bot,Support,Bot,Support,Mid,Jungle,Top,SB,https://www.youtube.com/live/nykRYATn1UE?si=nZ8vgF1mSUgVH2_U&t=7992
Week 1,CTBC Flying Oyster,MGN Vikings Esports,0 - 1,2,25.S1.1,Nocturne,Ashe,K'Sante,Skarner,Corki,Rumble,Varus,"Jayce, Zyra","Sejuani, Yone",Miss Fortune,Ambessa,Rell,Leona,Poppy,Rakan,"Nautilus, Jax",Renekton,Bot,Jungle,Mid,Support,Top,Top,Jungle,Bot,Support,Mid,SB,https://www.youtube.com/live/nykRYATn1UE?si=nNbFt6K2ddMCEtVZ&t=4334
