Champ,Damage_done,Damage_taken,Gold_earned,Match_length,Minions_slain,Monsters_killed,Deaths,Win,Lane,Opp_champ,Damage share,gold_me,xp_me,gold_opp,xp_opp,objs_me,objs_opp,my_team_id,obj_timeline
Ryze,27095,28390,14357,29.883333333333333,247,24,4,True,MIDDLE,Annie,0.2290499015157279,"[500, 500, 618, 937, 1447, 1734, 2080, 2461, 2834, 3613, 4125, 4765, 5236, 5358, 5836, 6228, 6652, 7000, 7565, 8563, 9259, 9553, 10213, 10813, 11264, 11576, 11723, 12147, 12880, 13532, 14357]","[0, 0, 215, 798, 1624, 1993, 2646, 3227, 3813, 4622, 5231, 5898, 6313, 6313, 6845, 7424, 8164, 8604, 9658, 10306, 11062, 11596, 14246, 14875, 15338, 16472, 16472, 16650, 17128, 18212, 19156]","[500, 500, 632, 951, 1269, 1577, 1888, 2163, 2532, 2843, 3312, 3476, 3609, 4823, 5240, 5472, 6186, 6529, 6762, 7047, 7428, 7556, 7925, 8123, 8954, 9143, 9336, 9488, 9673, 9970, 10202]","[0, 0, 276, 829, 1355, 1826, 2379, 2651, 3345, 3898, 4254, 4587, 4680, 5129, 5591, 5867, 7095, 7518, 7759, 8188, 8806, 8952, 9644, 10279, 11532, 11773, 12136, 12673, 13146, 13558, 13804]","{'HORDE': 1, 'DRAGON': 3, 'RIFTHERALD': 1, 'ATAKHAN': 1, 'BARON_NASHOR': 1}","{'HORDE': 5, 'DRAGON': 1}",200.0,"{100: [{'type': 'HORDE', 'sub_type': '', 'time': 7.22}, {'type': 'HORDE', 'sub_type': '', 'time': 7.48}, {'type': 'HORDE', 'sub_type': '', 'time': 11.97}, {'type': 'HORDE', 'sub_type': '', 'time': 12.11}, {'type': 'HORDE', 'sub_type': '', 'time': 12.71}, {'type': 'DRAGON', 'sub_type': 'CHEMTECH_DRAGON', 'time': 14.78}], 200: [{'type': 'HORDE', 'sub_type': '', 'time': 7.38}, {'type': 'DRAGON', 'sub_type': 'WATER_DRAGON', 'time': 8.76}, {'type': 'RIFTHERALD', 'sub_type': '', 'time': 16.31}, {'type': 'DRAGON', 'sub_type': 'AIR_DRAGON', 'time': 20.37}, {'type': 'ATAKHAN', 'sub_type': '', 'time': 24.33}, {'type': 'DRAGON', 'sub_type': 'AIR_DRAGON', 'time': 26.13}, {'type': 'BARON_NASHOR', 'sub_type': '', 'time': 28.28}]}"
Chogath,2105,13757,4895,15.2,136,0,3,False,MIDDLE,Syndra,0.15379557244100242,"[500, 500, 651, 963, 1302, 1593, 1883, 2116, 2526, 2753, 3028, 3396, 3728, 3963, 4382, 4871, 4895]","[0, 0, 276, 829, 1442, 2028, 2483, 2731, 3283, 3560, 4209, 4857, 5479, 5816, 6464, 7249, 7249]","[500, 500, 670, 968, 1458, 1849, 2274, 2744, 3104, 3561, 4272, 4704, 5086, 5700, 6271, 6773, 6884]","[0, 0, 276, 829, 1367, 1954, 2488, 2922, 3416, 3930, 4731, 5379, 5955, 6170, 6874, 7595, 7690]",{'DRAGON': 1},"{'HORDE': 6, 'DRAGON': 1}",200.0,"{200: [{'type': 'DRAGON', 'sub_type': 'EARTH_DRAGON', 'time': 5.81}], 100: [{'type': 'HORDE', 'sub_type': '', 'time': 6.95}, {'type': 'HORDE', 'sub_type': '', 'time': 7.14}, {'type': 'HORDE', 'sub_type': '', 'time': 7.24}, {'type': 'DRAGON', 'sub_type': 'CHEMTECH_DRAGON', 'time': 11.27}, {'type': 'HORDE', 'sub_type': '', 'time': 13.16}, {'type': 'HORDE', 'sub_type': '', 'time': 13.3}, {'type': 'HORDE', 'sub_type': '', 'time': 13.49}]}"
Zilean,22562,22646,12877,28.3,237,0,2,True,MIDDLE,Qiyana,0.2289047836453102,"[500, 500, 646, 916, 1363, 1760, 2029, 2397, 2774, 3113, 3794, 4146, 4868, 5256, 5651, 6034, 6656, 6820, 7510, 7733, 8476, 8626, 9169, 10106, 10305, 10502, 11382, 12025, 12641, 12877]","[0, 0, 276, 738, 1513, 2161, 2601, 3188, 3775, 4388, 5068, 5489, 6207, 6694, 7342, 8053, 8965, 9202, 9715, 10047, 10963, 11054, 13465, 14385, 14816, 14929, 15840, 17082, 17802, 18204]","[500, 500, 562, 839, 1108, 1472, 1804, 2136, 2443, 2775, 2919, 3316, 3585, 3844, 4268, 4595, 4951, 5251, 5544, 5868, 6096, 6545, 6848, 7087, 7698, 8636, 8758, 9175, 9413, 9449]","[0, 0, 185, 829, 1200, 1909, 2462, 3110, 3551, 4130, 4345, 4944, 5348, 5901, 6549, 7067, 7530, 8237, 8429, 9118, 9521, 10047, 10666, 11083, 12071, 12347, 12347, 12824, 12990, 12990]","{'HORDE': 5, 'DRAGON': 2, 'RIFTHERALD': 1, 'ATAKHAN': 1, 'BARON_NASHOR': 1}","{'DRAGON': 2, 'HORDE': 1}",100.0,"{100: [{'type': 'HORDE', 'sub_type': '', 'time': 6.45}, {'type': 'HORDE', 'sub_type': '', 'time': 6.69}, {'type': 'HORDE', 'sub_type': '', 'time': 6.82}, {'type': 'HORDE', 'sub_type': '', 'time': 11.63}, {'type': 'HORDE', 'sub_type': '', 'time': 11.83}, {'type': 'DRAGON', 'sub_type': 'EARTH_DRAGON', 'time': 18.93}, {'type': 'RIFTHERALD', 'sub_type': '', 'time': 19.85}, {'type': 'ATAKHAN', 'sub_type': '', 'time': 21.73}, {'type': 'DRAGON', 'sub_type': 'EARTH_DRAGON', 'time': 25.41}, {'type': 'BARON_NASHOR', 'sub_type': '', 'time': 26.63}], 200: [{'type': 'DRAGON', 'sub_type': 'CHEMTECH_DRAGON', 'time': 6.8}, {'type': 'HORDE', 'sub_type': '', 'time': 12.02}, {'type': 'DRAGON', 'sub_type': 'AIR_DRAGON', 'time': 13.28}]}"
Ezreal,44047,25375,16272,33.03333333333333,334,20,0,True,BOTTOM,Zeri,0.3562721926993602,"[500, 500, 632, 965, 1192, 1486, 2093, 2472, 2772, 3027, 3365, 3789, 4135, 4507, 4810, 5121, 5541, 6049, 6430, 7235, 7979, 8278, 8728, 9495, 10061, 10524, 11169, 11606, 12702, 13353, 13901, 14413, 14930, 16268, 16272]","[0, 0, 160, 541, 893, 1355, 1807, 2171, 2573, 2854, 3232, 3933, 4517, 5164, 5540, 6123, 6775, 7558, 8105, 8882, 9556, 10150, 10834, 11818, 13337, 13896, 14772, 15449, 16921, 17417, 18042, 18881, 19734, 20984, 20984]","[500, 500, 612, 889, 1263, 1449, 1854, 2265, 2635, 2890, 3255, 3672, 3988, 4369, 4597, 4921, 5747, 5912, 6190, 6633, 7200, 7637, 8086, 8579, 9020, 9433, 9959, 10477, 11010, 11479, 12735, 13576, 13908, 14405, 14409]","[0, 0, 140, 501, 910, 1095, 1799, 2243, 2765, 3198, 3440, 4110, 4601, 5249, 5526, 5830, 6498, 6654, 6879, 7628, 8057, 8666, 9294, 9455, 10049, 10675, 11153, 11726, 12531, 13063, 14740, 15483, 15885, 16188, 16188]","{'HORDE': 2, 'DRAGON': 4, 'ATAKHAN': 1, 'BARON_NASHOR': 1}","{'HORDE': 4, 'DRAGON': 1, 'RIFTHERALD': 1}",100.0,"{100: [{'type': 'HORDE', 'sub_type': '', 'time': 6.36}, {'type': 'HORDE', 'sub_type': '', 'time': 6.6}, {'type': 'DRAGON', 'sub_type': 'FIRE_DRAGON', 'time': 14.12}, {'type': 'DRAGON', 'sub_type': 'CHEMTECH_DRAGON', 'time': 20.76}, {'type': 'ATAKHAN', 'sub_type': '', 'time': 23.38}, {'type': 'DRAGON', 'sub_type': 'CHEMTECH_DRAGON', 'time': 26.21}, {'type': 'BARON_NASHOR', 'sub_type': '', 'time': 27.91}, {'type': 'DRAGON', 'sub_type': 'CHEMTECH_DRAGON', 'time': 31.37}], 200: [{'type': 'HORDE', 'sub_type': '', 'time': 6.97}, {'type': 'DRAGON', 'sub_type': 'HEXTECH_DRAGON', 'time': 8.12}, {'type': 'HORDE', 'sub_type': '', 'time': 11.77}, {'type': 'HORDE', 'sub_type': '', 'time': 11.97}, {'type': 'HORDE', 'sub_type': '', 'time': 12.15}, {'type': 'RIFTHERALD', 'sub_type': '', 'time': 17.86}]}"
Tristana,38597,32844,15527,31.916666666666668,245,44,5,True,BOTTOM,Ashe,0.21407811685358358,"[500, 500, 676, 1015, 1374, 1696, 2108, 2605, 2811, 3339, 3704, 3993, 4446, 4741, 5688, 5915, 6572, 7070, 8199, 8604, 9406, 9655, 10374, 11002, 11468, 11590, 11712, 12135, 12288, 12684, 13774, 14307, 15527]","[0, 0, 150, 550, 913, 1105, 1844, 2447, 2724, 3491, 4044, 4197, 4982, 5223, 6194, 6478, 7467, 8138, 9022, 9639, 10439, 11270, 13695, 14831, 15463, 15463, 15649, 16249, 16249, 16664, 17854, 18097, 19175]","[500, 500, 632, 965, 1276, 1556, 1825, 1992, 2354, 2663, 2938, 4065, 4571, 5091, 6052, 6284, 6717, 7450, 7656, 8124, 8824, 9593, 10090, 10407, 10726, 11175, 11612, 11839, 12360, 12482, 12892, 13313, 13991]","[0, 0, 160, 541, 965, 1209, 1731, 1977, 2566, 2989, 3340, 3869, 4277, 5085, 5982, 6345, 7023, 7777, 8023, 8920, 9740, 11105, 11644, 12060, 12612, 13133, 13794, 13981, 14835, 14835, 15476, 15892, 16082]","{'DRAGON': 3, 'RIFTHERALD': 1, 'ATAKHAN': 1, 'BARON_NASHOR': 1}","{'HORDE': 6, 'DRAGON': 1}",200.0,"{100: [{'type': 'HORDE', 'sub_type': '', 'time': 6.56}, {'type': 'HORDE', 'sub_type': '', 'time': 7.11}, {'type': 'HORDE', 'sub_type': '', 'time': 7.23}, {'type': 'HORDE', 'sub_type': '', 'time': 12.81}, {'type': 'HORDE', 'sub_type': '', 'time': 12.98}, {'type': 'HORDE', 'sub_type': '', 'time': 13.09}, {'type': 'DRAGON', 'sub_type': 'AIR_DRAGON', 'time': 27.72}], 200: [{'type': 'DRAGON', 'sub_type': 'CHEMTECH_DRAGON', 'time': 6.96}, {'type': 'DRAGON', 'sub_type': 'HEXTECH_DRAGON', 'time': 15.78}, {'type': 'RIFTHERALD', 'sub_type': '', 'time': 16.95}, {'type': 'ATAKHAN', 'sub_type': '', 'time': 21.05}, {'type': 'DRAGON', 'sub_type': 'AIR_DRAGON', 'time': 21.57}, {'type': 'BARON_NASHOR', 'sub_type': '', 'time': 26.61}]}"
Velkoz,19724,15399,9162,22.65,197,0,6,True,MIDDLE,Leblanc,0.29320648134383825,"[500, 500, 618, 902, 1458, 1709, 2191, 2533, 2926, 3259, 3715, 4180, 4598, 4963, 5525, 6307, 6819, 7177, 7495, 7791, 8099, 8411, 8791, 9162]","[0, 0, 215, 798, 1210, 1484, 2077, 2703, 3374, 3906, 4807, 5270, 5823, 6352, 6746, 7506, 7959, 8403, 8982, 9277, 9624, 10718, 11542, 12208]","[500, 500, 646, 951, 1670, 1999, 2331, 2530, 2935, 3246, 3563, 3945, 4256, 4668, 5000, 5454, 6173, 6569, 6843, 7362, 7687, 8005, 8350, 8605]","[0, 0, 276, 829, 1443, 2027, 2580, 3098, 3736, 4289, 4906, 5585, 6077, 6816, 7292, 7945, 8527, 9222, 9651, 10235, 10937, 11331, 12027, 12336]","{'HORDE': 6, 'DRAGON': 1, 'ATAKHAN': 1}","{'DRAGON': 2, 'RIFTHERALD': 1}",100.0,"{100: [{'type': 'HORDE', 'sub_type': '', 'time': 6.32}, {'type': 'HORDE', 'sub_type': '', 'time': 6.5}, {'type': 'HORDE', 'sub_type': '', 'time': 6.57}, {'type': 'HORDE', 'sub_type': '', 'time': 11.1}, {'type': 'HORDE', 'sub_type': '', 'time': 11.16}, {'type': 'HORDE', 'sub_type': '', 'time': 11.24}, {'type': 'DRAGON', 'sub_type': 'CHEMTECH_DRAGON', 'time': 17.29}, {'type': 'ATAKHAN', 'sub_type': '', 'time': 20.88}], 200: [{'type': 'DRAGON', 'sub_type': 'EARTH_DRAGON', 'time': 6.6}, {'type': 'DRAGON', 'sub_type': 'AIR_DRAGON', 'time': 11.9}, {'type': 'RIFTHERALD', 'sub_type': '', 'time': 16.44}]}"
Kayle,4458,5789,6598,16.183333333333334,136,0,0,True,MIDDLE,Ekko,0.11684227079729517,"[500, 500, 646, 930, 1262, 1500, 1767, 2568, 2912, 3330, 3703, 4050, 4417, 5243, 5603, 5936, 6255, 6598]","[0, 0, 276, 829, 1446, 2033, 2564, 2671, 3193, 3872, 4427, 5045, 5598, 6275, 6800, 7482, 8006, 8138]","[500, 500, 646, 965, 1262, 1609, 1878, 2063, 2496, 2786, 3199, 3609, 3961, 4301, 4717, 4992, 5306, 5329]","[0, 0, 276, 829, 1262, 2094, 2615, 2870, 3534, 4021, 4588, 5236, 5652, 6262, 6909, 7514, 7939, 8000]","{'DRAGON': 2, 'HORDE': 6}",{},200.0,"{200: [{'type': 'DRAGON', 'sub_type': 'FIRE_DRAGON', 'time': 5.52}, {'type': 'HORDE', 'sub_type': '', 'time': 6.82}, {'type': 'HORDE', 'sub_type': '', 'time': 7.0}, {'type': 'HORDE', 'sub_type': '', 'time': 7.11}, {'type': 'HORDE', 'sub_type': '', 'time': 12.42}, {'type': 'HORDE', 'sub_type': '', 'time': 12.65}, {'type': 'HORDE', 'sub_type': '', 'time': 12.87}, {'type': 'DRAGON', 'sub_type': 'AIR_DRAGON', 'time': 14.46}]}"
Yasuo,3015,7709,7300,19.45,192,0,2,False,MIDDLE,Akshan,0.07717708493318999,"[500, 500, 604, 888, 1262, 1647, 1930, 2254, 2861, 3311, 3656, 4066, 4389, 4853, 5465, 5708, 5945, 6322, 6758, 7139, 7300]","[0, 0, 185, 768, 1477, 2125, 2555, 3049, 3880, 4365, 4828, 5498, 6010, 6617, 7038, 7390, 7666, 8217, 9065, 9680, 9762]","[500, 500, 646, 951, 1227, 1385, 1966, 2350, 2998, 3657, 4114, 4440, 4803, 5081, 5239, 5375, 5793, 6862, 7280, 8003, 8495]","[0, 0, 276, 891, 1477, 1691, 2599, 3367, 3513, 4148, 4519, 5167, 5709, 6152, 6152, 6306, 6974, 7956, 8925, 9596, 9893]",{},"{'HORDE': 6, 'DRAGON': 3}",200.0,"{100: [{'type': 'HORDE', 'sub_type': '', 'time': 6.29}, {'type': 'HORDE', 'sub_type': '', 'time': 6.4}, {'type': 'HORDE', 'sub_type': '', 'time': 6.51}, {'type': 'DRAGON', 'sub_type': 'HEXTECH_DRAGON', 'time': 7.28}, {'type': 'HORDE', 'sub_type': '', 'time': 11.04}, {'type': 'HORDE', 'sub_type': '', 'time': 11.19}, {'type': 'HORDE', 'sub_type': '', 'time': 11.28}, {'type': 'DRAGON', 'sub_type': 'FIRE_DRAGON', 'time': 12.8}, {'type': 'DRAGON', 'sub_type': 'AIR_DRAGON', 'time': 18.33}]}"
Jinx,40455,20617,17177,29.283333333333335,307,8,3,True,BOTTOM,Tristana,0.456587248738756,"[500, 500, 646, 916, 1038, 1478, 1800, 2447, 2709, 3125, 3481, 4103, 4972, 5406, 6098, 6455, 6826, 7219, 7884, 8303, 8885, 9432, 9564, 10077, 11899, 12230, 13100, 14327, 14859, 16620, 17177]","[0, 0, 180, 521, 581, 1095, 1477, 1884, 2204, 2614, 2952, 3404, 3790, 4301, 4768, 5129, 5628, 6110, 6762, 7289, 7784, 8239, 8239, 8916, 9807, 10125, 11323, 12728, 13767, 15053, 15335]","[500, 500, 625, 912, 1132, 1844, 2217, 2618, 2960, 3430, 3762, 4003, 4293, 4567, 5033, 5478, 5646, 6344, 6619, 6909, 7349, 7607, 7966, 8457, 8615, 9061, 9546, 10627, 11443, 11664, 11698]","[0, 0, 180, 541, 794, 1345, 1706, 2279, 2682, 3063, 3287, 3697, 4236, 4599, 5083, 5574, 5811, 6301, 6524, 6876, 7509, 7666, 8341, 9763, 9813, 10423, 11066, 11995, 13322, 13503, 13503]","{'HORDE': 4, 'DRAGON': 2, 'BARON_NASHOR': 1}","{'HORDE': 2, 'RIFTHERALD': 1, 'DRAGON': 2, 'ATAKHAN': 1}",100.0,"{100: [{'type': 'HORDE', 'sub_type': '', 'time': 7.86}, {'type': 'HORDE', 'sub_type': '', 'time': 7.98}, {'type': 'DRAGON', 'sub_type': 'CHEMTECH_DRAGON', 'time': 10.26}, {'type': 'HORDE', 'sub_type': '', 'time': 13.17}, {'type': 'HORDE', 'sub_type': '', 'time': 13.22}, {'type': 'DRAGON', 'sub_type': 'AIR_DRAGON', 'time': 15.51}, {'type': 'BARON_NASHOR', 'sub_type': '', 'time': 27.0}], 200: [{'type': 'HORDE', 'sub_type': '', 'time': 8.03}, {'type': 'HORDE', 'sub_type': '', 'time': 12.38}, {'type': 'RIFTHERALD', 'sub_type': '', 'time': 20.02}, {'type': 'DRAGON', 'sub_type': 'HEXTECH_DRAGON', 'time': 22.09}, {'type': 'ATAKHAN', 'sub_type': '', 'time': 22.22}, {'type': 'DRAGON', 'sub_type': 'HEXTECH_DRAGON', 'time': 27.67}]}"
Ezreal,23836,20479,9665,23.4,185,0,9,False,BOTTOM,Smolder,0.2910414046569555,"[500, 500, 632, 874, 1269, 1668, 2059, 2425, 2788, 2931, 3353, 3702, 4124, 4803, 5724, 6049, 6460, 7121, 7384, 8368, 8783, 8906, 9314, 9596, 9665]","[0, 0, 160, 360, 939, 1207, 1732, 2306, 2770, 2894, 3633, 4153, 4644, 5353, 5802, 6384, 6980, 8054, 8347, 8793, 9375, 9375, 9842, 10685, 10766]","[500, 500, 632, 1260, 1509, 2059, 2251, 2703, 3100, 3873, 4323, 4773, 5752, 6250, 6690, 6949, 7362, 7781, 8411, 9979, 10412, 11841, 12579, 13892, 14352]","[0, 0, 160, 544, 787, 1288, 1564, 2113, 2701, 2964, 3726, 4310, 4864, 5512, 5858, 6195, 7004, 7720, 8623, 10499, 11353, 12149, 13378, 14438, 14728]",{'DRAGON': 1},"{'HORDE': 6, 'DRAGON': 1, 'ATAKHAN': 1}",200.0,"{100: [{'type': 'HORDE', 'sub_type': '', 'time': 6.57}, {'type': 'HORDE', 'sub_type': '', 'time': 6.65}, {'type': 'HORDE', 'sub_type': '', 'time': 6.76}, {'type': 'HORDE', 'sub_type': '', 'time': 12.18}, {'type': 'HORDE', 'sub_type': '', 'time': 12.23}, {'type': 'HORDE', 'sub_type': '', 'time': 12.4}, {'type': 'DRAGON', 'sub_type': 'HEXTECH_DRAGON', 'time': 19.23}, {'type': 'ATAKHAN', 'sub_type': '', 'time': 21.54}], 200: [{'type': 'DRAGON', 'sub_type': 'EARTH_DRAGON', 'time': 13.18}]}"
Velkoz,30995,14043,14107,29.733333333333334,257,12,2,True,MIDDLE,Riven,0.30664740742206437,"[500, 500, 646, 958, 1311, 1682, 1998, 2225, 2616, 3082, 3755, 4290, 4838, 5286, 5972, 6249, 6976, 7320, 7782, 8339, 8862, 9135, 9411, 10266, 10715, 11009, 11231, 12751, 13449, 13919, 14107]","[0, 0, 276, 829, 1386, 2064, 2647, 3052, 3824, 4294, 5166, 5814, 6613, 7015, 7784, 8268, 8862, 9154, 9827, 10638, 10845, 11283, 11728, 13447, 14008, 14448, 14704, 16352, 16864, 17421, 17755]","[500, 500, 618, 909, 1241, 1448, 1808, 2034, 2407, 2549, 2742, 2932, 3082, 3391, 3543, 3904, 4076, 4502, 4738, 5118, 5283, 5961, 6182, 6883, 7229, 7623, 8274, 8419, 8726, 9001, 9396]","[0, 0, 215, 798, 1477, 1848, 2492, 2710, 3358, 3480, 3847, 4063, 4400, 5048, 5077, 5690, 5748, 6646, 7003, 7528, 7831, 8412, 8848, 9400, 9925, 10436, 11426, 11488, 12050, 12360, 13224]","{'DRAGON': 3, 'ATAKHAN': 1, 'BARON_NASHOR': 1}","{'HORDE': 6, 'DRAGON': 1, 'RIFTHERALD': 1}",200.0,"{200: [{'type': 'DRAGON', 'sub_type': 'WATER_DRAGON', 'time': 6.2}, {'type': 'DRAGON', 'sub_type': 'HEXTECH_DRAGON', 'time': 19.09}, {'type': 'ATAKHAN', 'sub_type': '', 'time': 22.16}, {'type': 'DRAGON', 'sub_type': 'HEXTECH_DRAGON', 'time': 24.28}, {'type': 'BARON_NASHOR', 'sub_type': '', 'time': 26.37}], 100: [{'type': 'HORDE', 'sub_type': '', 'time': 7.88}, {'type': 'HORDE', 'sub_type': '', 'time': 8.08}, {'type': 'HORDE', 'sub_type': '', 'time': 8.2}, {'type': 'DRAGON', 'sub_type': 'AIR_DRAGON', 'time': 11.63}, {'type': 'HORDE', 'sub_type': '', 'time': 13.25}, {'type': 'HORDE', 'sub_type': '', 'time': 13.36}, {'type': 'HORDE', 'sub_type': '', 'time': 13.89}, {'type': 'RIFTHERALD', 'sub_type': '', 'time': 16.42}]}"
Akshan,22516,19750,11924,29.516666666666666,236,4,5,False,MIDDLE,Akali,0.20684776717224146,"[500, 500, 646, 965, 1330, 1742, 2027, 2375, 2831, 3166, 3592, 3941, 4270, 5417, 5733, 6059, 6415, 6813, 8289, 9093, 9389, 9512, 10129, 10516, 10639, 10919, 11041, 11206, 11467, 11803, 11924]","[0, 0, 276, 829, 1478, 2188, 2583, 3119, 3797, 4350, 4998, 5468, 6021, 6884, 7370, 8064, 8526, 9232, 10099, 11270, 11649, 11649, 11905, 12491, 12518, 12889, 12889, 13105, 13382, 13920, 14254]","[500, 500, 597, 853, 1164, 1413, 2074, 2245, 2629, 2940, 3362, 4072, 4367, 5568, 5894, 6268, 6987, 7456, 7664, 8386, 8814, 9824, 10205, 10691, 11037, 11396, 12175, 12767, 13286, 13927, 14057]","[0, 0, 215, 798, 1477, 1877, 2562, 2723, 3309, 3835, 4552, 5686, 6115, 7115, 7486, 8168, 9407, 10208, 10369, 11855, 12617, 13454, 13813, 14867, 15453, 15913, 17102, 17952, 18532, 19246, 19495]","{'HORDE': 3, 'DRAGON': 1}","{'DRAGON': 3, 'HORDE': 3, 'RIFTHERALD': 1, 'ATAKHAN': 1, 'BARON_NASHOR': 1}",200.0,"{200: [{'type': 'HORDE', 'sub_type': '', 'time': 6.96}, {'type': 'HORDE', 'sub_type': '', 'time': 7.07}, {'type': 'HORDE', 'sub_type': '', 'time': 7.2}, {'type': 'DRAGON', 'sub_type': 'FIRE_DRAGON', 'time': 14.9}], 100: [{'type': 'DRAGON', 'sub_type': 'EARTH_DRAGON', 'time': 9.53}, {'type': 'HORDE', 'sub_type': '', 'time': 12.03}, {'type': 'HORDE', 'sub_type': '', 'time': 12.6}, {'type': 'HORDE', 'sub_type': '', 'time': 12.7}, {'type': 'RIFTHERALD', 'sub_type': '', 'time': 17.28}, {'type': 'ATAKHAN', 'sub_type': '', 'time': 22.57}, {'type': 'DRAGON', 'sub_type': 'WATER_DRAGON', 'time': 22.87}, {'type': 'BARON_NASHOR', 'sub_type': '', 'time': 25.77}, {'type': 'DRAGON', 'sub_type': 'WATER_DRAGON', 'time': 28.31}]}"
Swain,29804,30982,12933,28.283333333333335,236,0,2,True,MIDDLE,Galio,0.2744231442093439,"[500, 500, 625, 944, 1311, 1860, 2853, 3259, 3631, 4067, 4890, 5486, 5800, 6295, 6480, 6870, 7302, 7721, 8039, 8405, 8981, 9309, 9431, 9797, 10093, 10453, 11282, 11864, 12721, 12933]","[0, 0, 276, 829, 1416, 2183, 2862, 3610, 4134, 4687, 5502, 6357, 6775, 7267, 7480, 7995, 8687, 9427, 9921, 10514, 11013, 11521, 11521, 12280, 13063, 13559, 14245, 15083, 15868, 15988]","[500, 500, 625, 888, 1220, 1556, 2119, 2326, 2625, 2873, 3185, 3532, 3831, 4633, 4912, 5118, 5809, 6231, 6535, 6657, 6785, 7008, 7369, 7497, 7682, 7936, 8200, 8490, 8665, 8699]","[0, 0, 276, 829, 1416, 2063, 2281, 2652, 3054, 3585, 4199, 4785, 5273, 5841, 6137, 6513, 7203, 7851, 8372, 8417, 8635, 8806, 9329, 9329, 9731, 10126, 10768, 11526, 11750, 11750]","{'HORDE': 6, 'DRAGON': 3, 'ATAKHAN': 1}","{'DRAGON': 1, 'RIFTHERALD': 1}",100.0,"{100: [{'type': 'HORDE', 'sub_type': '', 'time': 6.27}, {'type': 'HORDE', 'sub_type': '', 'time': 6.44}, {'type': 'HORDE', 'sub_type': '', 'time': 7.26}, {'type': 'HORDE', 'sub_type': '', 'time': 11.53}, {'type': 'HORDE', 'sub_type': '', 'time': 11.62}, {'type': 'HORDE', 'sub_type': '', 'time': 11.7}, {'type': 'DRAGON', 'sub_type': 'FIRE_DRAGON', 'time': 12.78}, {'type': 'DRAGON', 'sub_type': 'AIR_DRAGON', 'time': 19.64}, {'type': 'ATAKHAN', 'sub_type': '', 'time': 22.93}, {'type': 'DRAGON', 'sub_type': 'AIR_DRAGON', 'time': 25.59}], 200: [{'type': 'DRAGON', 'sub_type': 'WATER_DRAGON', 'time': 6.93}, {'type': 'RIFTHERALD', 'sub_type': '', 'time': 16.82}]}"
Xerath,11263,9267,6145,17.166666666666668,144,0,4,False,MIDDLE,Azir,0.2784356381795258,"[500, 500, 646, 958, 1269, 1640, 1951, 2331, 2660, 3056, 3443, 4205, 4539, 4896, 5242, 5498, 5670, 6124, 6145]","[0, 0, 276, 829, 1355, 2064, 2555, 3110, 3446, 4074, 4722, 5586, 5807, 6181, 6906, 7179, 7386, 8240, 8240]","[500, 500, 604, 951, 1297, 1612, 1986, 2369, 2910, 3200, 3608, 4543, 4916, 5589, 6500, 6792, 7198, 7620, 7758]","[0, 0, 185, 829, 1455, 1949, 2593, 3182, 3762, 4215, 4904, 5704, 6130, 6840, 7672, 8041, 8508, 9254, 9410]","{'HORDE': 1, 'DRAGON': 1}",{'HORDE': 5},200.0,"{100: [{'type': 'HORDE', 'sub_type': '', 'time': 6.52}, {'type': 'HORDE', 'sub_type': '', 'time': 6.63}, {'type': 'HORDE', 'sub_type': '', 'time': 6.71}, {'type': 'HORDE', 'sub_type': '', 'time': 11.06}, {'type': 'HORDE', 'sub_type': '', 'time': 11.59}], 200: [{'type': 'HORDE', 'sub_type': '', 'time': 11.17}, {'type': 'DRAGON', 'sub_type': 'EARTH_DRAGON', 'time': 13.13}]}"
Yone,13441,17710,8665,15.9,148,11,2,True,MIDDLE,Azir,0.24422196380550912,"[500, 500, 604, 965, 1297, 1675, 2007, 2724, 3087, 3699, 4168, 4745, 5690, 6206, 6996, 7942, 8665]","[0, 0, 185, 829, 1477, 2125, 2701, 3540, 4126, 4193, 4836, 5469, 6304, 7046, 7990, 9036, 9755]","[500, 500, 646, 923, 1297, 1598, 1832, 1975, 2343, 2673, 3060, 3382, 3608, 4345, 4523, 4729, 5077]","[0, 0, 276, 798, 1477, 1948, 2410, 2624, 3344, 3789, 4406, 4846, 5123, 5968, 6183, 6582, 6972]",{'HORDE': 3},"{'DRAGON': 2, 'HORDE': 3}",100.0,"{100: [{'type': 'HORDE', 'sub_type': '', 'time': 6.64}, {'type': 'HORDE', 'sub_type': '', 'time': 6.73}, {'type': 'HORDE', 'sub_type': '', 'time': 6.79}], 200: [{'type': 'DRAGON', 'sub_type': 'EARTH_DRAGON', 'time': 7.36}, {'type': 'HORDE', 'sub_type': '', 'time': 10.96}, {'type': 'HORDE', 'sub_type': '', 'time': 11.11}, {'type': 'HORDE', 'sub_type': '', 'time': 11.26}, {'type': 'DRAGON', 'sub_type': 'WATER_DRAGON', 'time': 13.35}]}"
Velkoz,39610,18460,14844,32.95,267,8,5,False,MIDDLE,Ahri,0.3794424753328863,"[500, 500, 646, 979, 1353, 1696, 2439, 2903, 3223, 3680, 4067, 4503, 4960, 5332, 5604, 5951, 6359, 6908, 7045, 7404, 8483, 8694, 9281, 11148, 11586, 11758, 11910, 12353, 12918, 13244, 13496, 14238, 14727, 14844]","[0, 0, 276, 829, 1477, 2125, 2882, 3682, 4116, 4668, 5316, 6026, 6563, 7149, 7516, 7973, 8378, 9144, 9276, 9610, 10213, 10525, 11338, 12524, 13022, 13477, 13522, 14062, 15036, 15407, 15532, 16184, 16972, 16972]","[500, 505, 651, 949, 1302, 1603, 1774, 2164, 2506, 2766, 3132, 3638, 3888, 4160, 4554, 4846, 6146, 6358, 7101, 7397, 7829, 8437, 8846, 9111, 9549, 10525, 11141, 11849, 12246, 12521, 12700, 13332, 14044, 14300]","[0, 0, 276, 829, 1477, 2001, 2216, 2903, 3551, 3835, 4483, 4995, 5355, 5964, 6517, 7122, 8231, 8551, 9023, 9378, 10187, 10876, 11586, 11714, 12212, 13870, 15033, 15815, 16057, 16494, 16672, 17346, 18610, 18691]","{'HORDE': 5, 'RIFTHERALD': 1, 'DRAGON': 1, 'ATAKHAN': 1}","{'HORDE': 1, 'DRAGON': 3, 'BARON_NASHOR': 2}",100.0,"{200: [{'type': 'HORDE', 'sub_type': '', 'time': 6.4}, {'type': 'DRAGON', 'sub_type': 'EARTH_DRAGON', 'time': 11.91}, {'type': 'DRAGON', 'sub_type': 'CHEMTECH_DRAGON', 'time': 18.3}, {'type': 'BARON_NASHOR', 'sub_type': '', 'time': 25.6}, {'type': 'DRAGON', 'sub_type': 'FIRE_DRAGON', 'time': 28.88}, {'type': 'BARON_NASHOR', 'sub_type': '', 'time': 31.85}], 100: [{'type': 'HORDE', 'sub_type': '', 'time': 7.13}, {'type': 'HORDE', 'sub_type': '', 'time': 7.21}, {'type': 'HORDE', 'sub_type': '', 'time': 11.53}, {'type': 'HORDE', 'sub_type': '', 'time': 11.69}, {'type': 'HORDE', 'sub_type': '', 'time': 11.83}, {'type': 'RIFTHERALD', 'sub_type': '', 'time': 16.61}, {'type': 'DRAGON', 'sub_type': 'FIRE_DRAGON', 'time': 23.67}, {'type': 'ATAKHAN', 'sub_type': '', 'time': 24.39}]}"
Jayce,10145,8842,6827,15.316666666666666,137,0,1,True,MIDDLE,Aurora,0.22420880480905234,"[500, 500, 625, 881, 1255, 1528, 1989, 2489, 2873, 3184, 3583, 4322, 4933, 5397, 6021, 6362, 6827]","[0, 0, 276, 613, 1261, 1571, 2202, 2788, 3397, 3911, 4564, 5149, 5913, 6646, 7212, 7643, 8479]","[500, 500, 646, 909, 1232, 1540, 1830, 2001, 2350, 2661, 3280, 3885, 4118, 4504, 4717, 4889, 4928]","[0, 0, 276, 829, 1445, 2093, 2646, 2922, 3508, 4061, 4855, 5290, 5595, 6181, 6458, 6856, 6856]","{'HORDE': 6, 'DRAGON': 1}",{},100.0,"{100: [{'type': 'HORDE', 'sub_type': '', 'time': 6.18}, {'type': 'HORDE', 'sub_type': '', 'time': 6.25}, {'type': 'HORDE', 'sub_type': '', 'time': 6.28}, {'type': 'HORDE', 'sub_type': '', 'time': 10.42}, {'type': 'HORDE', 'sub_type': '', 'time': 10.47}, {'type': 'HORDE', 'sub_type': '', 'time': 10.52}, {'type': 'DRAGON', 'sub_type': 'HEXTECH_DRAGON', 'time': 11.34}]}"
Akshan,27625,23328,14141,27.4,259,11,6,True,MIDDLE,Akali,0.3111659288795774,"[500, 500, 667, 979, 1292, 1534, 2199, 2892, 3338, 4122, 4540, 5075, 5309, 5830, 6572, 6912, 7326, 7732, 8314, 8700, 8858, 9259, 9788, 10255, 10665, 12126, 12833, 13404, 14141]","[0, 0, 338, 829, 1354, 1726, 2421, 2844, 3323, 4148, 4734, 5658, 5935, 6729, 7224, 7676, 8117, 8815, 9772, 10237, 10536, 11072, 12889, 13817, 14611, 17249, 18363, 18762, 19574]","[500, 500, 604, 874, 1273, 1799, 2362, 2559, 2858, 3072, 3430, 3684, 3960, 4303, 4713, 5095, 5410, 5855, 6163, 6830, 7314, 7763, 8202, 8325, 8606, 8893, 9211, 9494, 9543]","[0, 0, 185, 829, 1388, 1934, 2782, 2834, 3235, 3543, 4191, 4610, 5271, 5796, 6466, 6980, 7443, 8267, 8708, 9271, 10029, 10830, 11387, 11387, 12222, 12242, 12614, 13140, 13180]","{'HORDE': 6, 'DRAGON': 3, 'ATAKHAN': 1, 'BARON_NASHOR': 1}","{'DRAGON': 1, 'RIFTHERALD': 1}",200.0,"{100: [{'type': 'DRAGON', 'sub_type': 'WATER_DRAGON', 'time': 5.95}, {'type': 'RIFTHERALD', 'sub_type': '', 'time': 16.29}], 200: [{'type': 'HORDE', 'sub_type': '', 'time': 6.34}, {'type': 'HORDE', 'sub_type': '', 'time': 9.09}, {'type': 'HORDE', 'sub_type': '', 'time': 9.18}, {'type': 'DRAGON', 'sub_type': 'FIRE_DRAGON', 'time': 11.6}, {'type': 'HORDE', 'sub_type': '', 'time': 13.49}, {'type': 'HORDE', 'sub_type': '', 'time': 13.65}, {'type': 'HORDE', 'sub_type': '', 'time': 13.8}, {'type': 'DRAGON', 'sub_type': 'HEXTECH_DRAGON', 'time': 17.26}, {'type': 'ATAKHAN', 'sub_type': '', 'time': 21.04}, {'type': 'DRAGON', 'sub_type': 'HEXTECH_DRAGON', 'time': 22.77}, {'type': 'BARON_NASHOR', 'sub_type': '', 'time': 25.39}]}"
Poppy,34277,32867,12206,26.65,205,0,2,True,TOP,Renekton,0.2868704283347003,"[500, 500, 618, 888, 1178, 1444, 1671, 2002, 2281, 2506, 3210, 3710, 4200, 4490, 5155, 5800, 6157, 6555, 7161, 7584, 7707, 8510, 8936, 9063, 9863, 10885, 11432, 12206]","[0, 0, 246, 829, 1385, 2001, 2278, 2895, 3231, 3660, 4415, 4875, 5444, 6099, 6938, 7978, 8502, 9288, 9897, 10560, 10675, 11916, 13077, 13150, 14260, 15579, 16492, 16963]","[500, 500, 618, 930, 1290, 1818, 2139, 2570, 2951, 3334, 3728, 4071, 4210, 4589, 4816, 5002, 5485, 5841, 6069, 6666, 7783, 8079, 8202, 8441, 9502, 10136, 10440, 10548]","[0, 0, 215, 829, 1415, 1957, 2420, 3191, 3559, 4321, 4969, 5442, 5469, 6205, 6504, 6903, 7642, 8290, 8566, 9193, 10230, 10734, 10815, 11110, 12209, 12543, 13052, 13108]","{'DRAGON': 4, 'HORDE': 1, 'RIFTHERALD': 1, 'ATAKHAN': 1, 'BARON_NASHOR': 1}",{'HORDE': 5},200.0,"{100: [{'type': 'HORDE', 'sub_type': '', 'time': 6.16}, {'type': 'HORDE', 'sub_type': '', 'time': 6.33}, {'type': 'HORDE', 'sub_type': '', 'time': 6.61}, {'type': 'HORDE', 'sub_type': '', 'time': 10.94}, {'type': 'HORDE', 'sub_type': '', 'time': 11.24}], 200: [{'type': 'DRAGON', 'sub_type': 'EARTH_DRAGON', 'time': 6.82}, {'type': 'HORDE', 'sub_type': '', 'time': 11.37}, {'type': 'DRAGON', 'sub_type': 'WATER_DRAGON', 'time': 12.03}, {'type': 'DRAGON', 'sub_type': 'AIR_DRAGON', 'time': 17.53}, {'type': 'RIFTHERALD', 'sub_type': '', 'time': 19.15}, {'type': 'ATAKHAN', 'sub_type': '', 'time': 20.94}, {'type': 'DRAGON', 'sub_type': 'AIR_DRAGON', 'time': 22.74}, {'type': 'BARON_NASHOR', 'sub_type': '', 'time': 25.53}]}"
Ambessa,8143,20244,7549,22.883333333333333,187,3,6,False,MIDDLE,Viktor,0.15704312273393506,"[500, 500, 618, 944, 1269, 1525, 1857, 2237, 2507, 2884, 3187, 3576, 3782, 4166, 4393, 4695, 5046, 5498, 5920, 6348, 6590, 6996, 7398, 7549]","[0, 0, 215, 818, 1466, 2052, 2605, 3253, 3625, 3985, 4308, 4956, 5174, 5607, 5910, 6427, 6850, 7612, 8289, 8706, 9013, 9644, 10186, 10401]","[500, 500, 611, 874, 1429, 1870, 2111, 2507, 2863, 3278, 3664, 4199, 4336, 4890, 5055, 5652, 6030, 6304, 6752, 7228, 7662, 8156, 8320, 8978]","[0, 0, 276, 798, 1141, 1791, 2121, 2715, 3326, 3774, 4170, 4818, 4818, 5441, 5641, 6098, 7085, 7894, 8832, 9785, 10426, 12237, 12389, 13572]",{'HORDE': 2},"{'HORDE': 4, 'DRAGON': 2, 'RIFTHERALD': 1, 'ATAKHAN': 1}",200.0,"{100: [{'type': 'HORDE', 'sub_type': '', 'time': 6.19}, {'type': 'HORDE', 'sub_type': '', 'time': 6.33}, {'type': 'HORDE', 'sub_type': '', 'time': 6.39}, {'type': 'DRAGON', 'sub_type': 'AIR_DRAGON', 'time': 11.02}, {'type': 'HORDE', 'sub_type': '', 'time': 11.95}, {'type': 'DRAGON', 'sub_type': 'EARTH_DRAGON', 'time': 17.44}, {'type': 'RIFTHERALD', 'sub_type': '', 'time': 18.19}, {'type': 'ATAKHAN', 'sub_type': '', 'time': 20.63}], 200: [{'type': 'HORDE', 'sub_type': '', 'time': 11.36}, {'type': 'HORDE', 'sub_type': '', 'time': 11.53}]}"
Yone,18666,27808,9229,27.0,215,0,7,False,MIDDLE,Akali,0.19841404821633574,"[500, 500, 632, 951, 1164, 1563, 1867, 2247, 2652, 2984, 3392, 3927, 4308, 4958, 5274, 5502, 5816, 6065, 6339, 6593, 7058, 7230, 7416, 7706, 7903, 8700, 9032, 9229, 9229]","[0, 0, 246, 829, 1198, 1846, 2430, 3039, 3687, 4240, 4877, 5610, 6370, 6697, 7137, 7414, 7934, 8303, 8981, 9191, 9834, 9967, 10183, 10642, 10859, 11847, 12401, 12638, 12638]","[500, 500, 618, 937, 1255, 1633, 1953, 2336, 2663, 2995, 3361, 3687, 4019, 4750, 5090, 5472, 5657, 6831, 7038, 7733, 8135, 8589, 9027, 9318, 9621, 9793, 10216, 11158, 11158]","[0, 0, 246, 829, 1402, 2018, 2509, 3092, 3740, 4339, 4986, 5573, 6126, 6648, 7088, 7587, 8017, 9049, 9371, 10410, 10980, 12007, 13282, 14590, 15112, 15358, 16066, 17207, 17207]",{'DRAGON': 2},"{'HORDE': 3, 'DRAGON': 1, 'ATAKHAN': 1, 'RIFTHERALD': 1, 'BARON_NASHOR': 1}",200.0,"{100: [{'type': 'HORDE', 'sub_type': '', 'time': 6.86}, {'type': 'HORDE', 'sub_type': '', 'time': 7.06}, {'type': 'HORDE', 'sub_type': '', 'time': 7.19}, {'type': 'DRAGON', 'sub_type': 'AIR_DRAGON', 'time': 21.68}, {'type': 'ATAKHAN', 'sub_type': '', 'time': 22.53}, {'type': 'RIFTHERALD', 'sub_type': '', 'time': 24.78}, {'type': 'BARON_NASHOR', 'sub_type': '', 'time': 26.0}], 200: [{'type': 'DRAGON', 'sub_type': 'EARTH_DRAGON', 'time': 7.04}, {'type': 'DRAGON', 'sub_type': 'WATER_DRAGON', 'time': 15.61}], 300: [{'type': 'HORDE', 'sub_type': '', 'time': 15.75}, {'type': 'HORDE', 'sub_type': '', 'time': 15.75}, {'type': 'HORDE', 'sub_type': '', 'time': 15.75}]}"
Yasuo,16066,9953,11326,20.783333333333335,200,13,1,True,MIDDLE,Katarina,0.2485996348218983,"[500, 500, 625, 944, 1311, 1696, 1930, 2554, 2937, 3345, 3926, 4419, 5404, 5934, 6351, 6657, 7327, 8242, 8671, 8902, 10160, 11326]","[0, 0, 276, 829, 1477, 2125, 2524, 3081, 3729, 4425, 5072, 5575, 6273, 6514, 7025, 7631, 8382, 9402, 10156, 10547, 11789, 12540]","[500, 500, 562, 804, 1052, 1343, 1612, 1922, 2306, 2622, 3107, 3412, 3612, 4936, 5445, 5637, 6057, 6751, 7111, 7468, 7818, 8386]","[0, 0, 215, 777, 1369, 2017, 2517, 3051, 3699, 4252, 4780, 5122, 5421, 5823, 6347, 6647, 7782, 8257, 8728, 9317, 9952, 10439]","{'DRAGON': 3, 'HORDE': 5}","{'HORDE': 1, 'RIFTHERALD': 1}",100.0,"{100: [{'type': 'DRAGON', 'sub_type': 'WATER_DRAGON', 'time': 6.21}, {'type': 'HORDE', 'sub_type': '', 'time': 8.88}, {'type': 'HORDE', 'sub_type': '', 'time': 9.04}, {'type': 'HORDE', 'sub_type': '', 'time': 9.17}, {'type': 'DRAGON', 'sub_type': 'HEXTECH_DRAGON', 'time': 13.27}, {'type': 'HORDE', 'sub_type': '', 'time': 13.86}, {'type': 'HORDE', 'sub_type': '', 'time': 13.91}, {'type': 'DRAGON', 'sub_type': 'CHEMTECH_DRAGON', 'time': 18.48}], 200: [{'type': 'HORDE', 'sub_type': '', 'time': 13.7}, {'type': 'RIFTHERALD', 'sub_type': '', 'time': 16.74}]}"
Zilean,20769,24539,12497,29.483333333333334,234,0,2,True,MIDDLE,TwistedFate,0.1692527096406161,"[500, 500, 611, 923, 1323, 1659, 1991, 2350, 2641, 2952, 3360, 3693, 4075, 4468, 4884, 5201, 5518, 5874, 6976, 7299, 7647, 8395, 8790, 9248, 9818, 10207, 10708, 11059, 11627, 12246, 12497]","[0, 0, 276, 829, 1477, 1939, 2492, 3078, 3788, 4247, 4918, 5377, 5930, 6526, 7274, 7726, 8178, 8941, 9828, 10421, 11147, 12508, 13821, 14349, 15817, 16253, 16659, 17321, 18077, 19040, 19215]","[500, 500, 674, 1044, 1461, 1866, 2465, 2867, 3333, 3689, 4223, 4641, 5081, 5569, 6076, 6548, 7116, 7940, 8062, 8360, 9015, 9437, 9659, 10063, 10185, 10535, 10802, 11050, 11600, 11850, 11909]","[0, 0, 276, 829, 1477, 2125, 2529, 2992, 3640, 4193, 5021, 5554, 6169, 6755, 7523, 8252, 8872, 9507, 9530, 10050, 10675, 10944, 12614, 13076, 13076, 13448, 13626, 14215, 15082, 15411, 15411]","{'DRAGON': 3, 'ATAKHAN': 1, 'BARON_NASHOR': 1}","{'HORDE': 6, 'DRAGON': 1, 'RIFTHERALD': 1}",200.0,"{100: [{'type': 'HORDE', 'sub_type': '', 'time': 6.44}, {'type': 'HORDE', 'sub_type': '', 'time': 6.6}, {'type': 'HORDE', 'sub_type': '', 'time': 6.79}, {'type': 'HORDE', 'sub_type': '', 'time': 11.2}, {'type': 'HORDE', 'sub_type': '', 'time': 11.4}, {'type': 'HORDE', 'sub_type': '', 'time': 11.55}, {'type': 'DRAGON', 'sub_type': 'FIRE_DRAGON', 'time': 13.04}, {'type': 'RIFTHERALD', 'sub_type': '', 'time': 19.31}], 200: [{'type': 'DRAGON', 'sub_type': 'WATER_DRAGON', 'time': 7.24}, {'type': 'DRAGON', 'sub_type': 'EARTH_DRAGON', 'time': 19.77}, {'type': 'ATAKHAN', 'sub_type': '', 'time': 23.01}, {'type': 'DRAGON', 'sub_type': 'EARTH_DRAGON', 'time': 25.04}, {'type': 'BARON_NASHOR', 'sub_type': '', 'time': 27.96}]}"
Sylas,26003,31579,9786,26.233333333333334,180,0,6,False,MIDDLE,Orianna,0.2815884085593,"[500, 500, 590, 907, 1211, 1418, 1715, 2035, 2283, 2840, 3542, 4139, 4486, 4770, 5145, 5513, 5877, 6284, 6685, 7330, 7631, 8018, 8765, 9118, 9456, 9579, 9756, 9786]","[0, 0, 246, 829, 1353, 1630, 2183, 2728, 3221, 3823, 4594, 5088, 5547, 6022, 6608, 7351, 7762, 8271, 8965, 9664, 10082, 10482, 10713, 11479, 11912, 11912, 12016, 12016]","[500, 500, 590, 916, 1241, 1640, 1972, 2352, 2659, 2991, 3170, 3573, 3758, 4422, 4796, 5210, 6031, 6453, 6848, 7445, 7673, 7975, 8711, 9058, 9614, 10211, 10815, 10870]","[0, 0, 246, 829, 1372, 2051, 2604, 3190, 3675, 4251, 4577, 5169, 5445, 6093, 6741, 7461, 8401, 9258, 9845, 10948, 11224, 11667, 12595, 13638, 14599, 15105, 15575, 15575]","{'HORDE': 6, 'RIFTHERALD': 1}","{'DRAGON': 4, 'ATAKHAN': 1}",100.0,"{100: [{'type': 'HORDE', 'sub_type': '', 'time': 6.39}, {'type': 'HORDE', 'sub_type': '', 'time': 7.06}, {'type': 'HORDE', 'sub_type': '', 'time': 7.21}, {'type': 'HORDE', 'sub_type': '', 'time': 11.42}, {'type': 'HORDE', 'sub_type': '', 'time': 11.59}, {'type': 'HORDE', 'sub_type': '', 'time': 11.72}, {'type': 'RIFTHERALD', 'sub_type': '', 'time': 17.72}], 200: [{'type': 'DRAGON', 'sub_type': 'WATER_DRAGON', 'time': 8.92}, {'type': 'DRAGON', 'sub_type': 'AIR_DRAGON', 'time': 14.42}, {'type': 'DRAGON', 'sub_type': 'HEXTECH_DRAGON', 'time': 19.84}, {'type': 'ATAKHAN', 'sub_type': '', 'time': 22.08}, {'type': 'DRAGON', 'sub_type': 'HEXTECH_DRAGON', 'time': 25.78}]}"
Ryze,41146,44136,22278,41.483333333333334,380,23,6,False,MIDDLE,Viktor,0.2978184397573792,"[500, 500, 651, 984, 1379, 1778, 2439, 2690, 3095, 3552, 3975, 4448, 4618, 5046, 5722, 6719, 7188, 7681, 8543, 8700, 9269, 9981, 10371, 10885, 11249, 11373, 12184, 13855, 14152, 15203, 15828, 16514, 16963, 17260, 17591, 17987, 18328, 19795, 20263, 20449, 21078, 21554, 22278]","[0, 0, 276, 829, 1477, 2125, 2728, 3213, 3830, 4383, 5030, 5864, 6022, 6742, 7414, 8014, 8685, 9605, 10665, 10849, 11730, 13696, 14320, 14938, 15064, 15077, 15364, 16765, 17319, 18504, 19223, 20334, 20792, 21164, 21474, 21956, 22160, 23139, 23716, 23901, 24900, 25373, 26289]","[500, 500, 632, 944, 1276, 1598, 1895, 2226, 2589, 2905, 3292, 3681, 4038, 4329, 4829, 5056, 5530, 6042, 6780, 7646, 7992, 8570, 8938, 9453, 10271, 11001, 11423, 11921, 12217, 12517, 12724, 13041, 13356, 13696, 14161, 14346, 14879, 15327, 15653, 16131, 16553, 16857, 17284]","[0, 0, 246, 829, 1477, 2001, 2554, 3202, 3850, 4364, 4950, 5598, 6194, 6539, 7486, 7762, 8565, 9090, 10498, 11441, 12106, 13069, 13632, 14139, 15321, 15776, 16719, 17120, 17322, 17539, 17856, 18430, 18871, 19376, 19965, 20173, 20854, 21077, 21386, 22108, 22868, 23395, 24060]","{'HORDE': 3, 'DRAGON': 4}","{'HORDE': 3, 'DRAGON': 2, 'RIFTHERALD': 1, 'ATAKHAN': 1, 'BARON_NASHOR': 2}",200.0,"{100: [{'type': 'HORDE', 'sub_type': '', 'time': 6.13}, {'type': 'HORDE', 'sub_type': '', 'time': 6.32}, {'type': 'DRAGON', 'sub_type': 'FIRE_DRAGON', 'time': 7.27}, {'type': 'HORDE', 'sub_type': '', 'time': 11.09}, {'type': 'RIFTHERALD', 'sub_type': '', 'time': 17.92}, {'type': 'ATAKHAN', 'sub_type': '', 'time': 21.34}, {'type': 'BARON_NASHOR', 'sub_type': '', 'time': 25.75}, {'type': 'DRAGON', 'sub_type': 'HEXTECH_DRAGON', 'time': 31.75}, {'type': 'BARON_NASHOR', 'sub_type': '', 'time': 39.59}], 200: [{'type': 'HORDE', 'sub_type': '', 'time': 6.8}, {'type': 'HORDE', 'sub_type': '', 'time': 12.5}, {'type': 'HORDE', 'sub_type': '', 'time': 12.66}, {'type': 'DRAGON', 'sub_type': 'WATER_DRAGON', 'time': 14.49}, {'type': 'DRAGON', 'sub_type': 'HEXTECH_DRAGON', 'time': 21.15}, {'type': 'DRAGON', 'sub_type': 'HEXTECH_DRAGON', 'time': 26.48}, {'type': 'DRAGON', 'sub_type': 'HEXTECH_DRAGON', 'time': 37.13}]}"
Swain,20317,21700,11069,20.866666666666667,169,4,1,True,MIDDLE,Yasuo,0.2850748572310542,"[500, 800, 945, 1249, 1900, 2186, 2668, 3176, 3584, 3854, 4322, 4785, 5126, 5789, 6532, 6890, 8308, 8976, 9487, 10500, 10741, 11069]","[0, 5, 230, 783, 1518, 2073, 2799, 3381, 3885, 4338, 5039, 5815, 6367, 7038, 7595, 8171, 9369, 9667, 10741, 11471, 12115, 12828]","[500, 500, 604, 951, 1227, 1584, 1769, 2079, 2896, 3165, 3559, 3955, 4530, 4781, 4966, 5345, 5555, 5974, 6406, 6748, 7128, 7422]","[0, 0, 215, 829, 1170, 1818, 2188, 2805, 3405, 3773, 4474, 5130, 6068, 6497, 6650, 7352, 7491, 8361, 9090, 9620, 10230, 10424]","{'HORDE': 6, 'RIFTHERALD': 1, 'DRAGON': 1}",{'DRAGON': 2},100.0,"{100: [{'type': 'HORDE', 'sub_type': '', 'time': 6.68}, {'type': 'HORDE', 'sub_type': '', 'time': 6.87}, {'type': 'HORDE', 'sub_type': '', 'time': 7.01}, {'type': 'HORDE', 'sub_type': '', 'time': 11.27}, {'type': 'HORDE', 'sub_type': '', 'time': 11.39}, {'type': 'HORDE', 'sub_type': '', 'time': 11.53}, {'type': 'RIFTHERALD', 'sub_type': '', 'time': 16.72}, {'type': 'DRAGON', 'sub_type': 'CHEMTECH_DRAGON', 'time': 19.39}], 200: [{'type': 'DRAGON', 'sub_type': 'FIRE_DRAGON', 'time': 6.72}, {'type': 'DRAGON', 'sub_type': 'HEXTECH_DRAGON', 'time': 13.4}]}"
Sylas,21234,26161,13033,27.983333333333334,247,0,3,True,MIDDLE,Quinn,0.2756946247727863,"[500, 500, 623, 858, 1232, 1575, 1865, 2261, 2589, 2921, 3308, 3648, 3990, 4403, 4819, 5772, 6454, 7072, 7417, 8228, 8553, 8810, 9169, 9424, 9861, 10088, 10628, 11078, 13033]","[0, 0, 215, 738, 1477, 2063, 2616, 3264, 3775, 4253, 4901, 5435, 5990, 6532, 7180, 7652, 8428, 8767, 9321, 9649, 10171, 10311, 10955, 11440, 12118, 12552, 13385, 13774, 14932]","[500, 500, 632, 944, 1576, 1940, 2209, 2589, 2896, 3186, 3552, 3758, 4018, 4295, 4550, 5095, 5386, 6063, 6486, 6947, 7420, 8035, 8994, 9434, 9861, 10601, 11635, 12211, 12331]","[0, 0, 338, 891, 1424, 2072, 2448, 3119, 3579, 3996, 4643, 5129, 5643, 6215, 6740, 6884, 7723, 8557, 9228, 10090, 10830, 11597, 12540, 13290, 13728, 14189, 15386, 16637, 16637]","{'HORDE': 6, 'DRAGON': 2}","{'RIFTHERALD': 1, 'DRAGON': 2, 'ATAKHAN': 1, 'BARON_NASHOR': 1}",100.0,"{100: [{'type': 'HORDE', 'sub_type': '', 'time': 6.18}, {'type': 'HORDE', 'sub_type': '', 'time': 6.4}, {'type': 'HORDE', 'sub_type': '', 'time': 6.57}, {'type': 'DRAGON', 'sub_type': 'EARTH_DRAGON', 'time': 8.59}, {'type': 'HORDE', 'sub_type': '', 'time': 11.86}, {'type': 'HORDE', 'sub_type': '', 'time': 12.01}, {'type': 'HORDE', 'sub_type': '', 'time': 12.26}, {'type': 'DRAGON', 'sub_type': 'WATER_DRAGON', 'time': 14.55}], 200: [{'type': 'RIFTHERALD', 'sub_type': '', 'time': 16.62}, {'type': 'DRAGON', 'sub_type': 'HEXTECH_DRAGON', 'time': 19.92}, {'type': 'ATAKHAN', 'sub_type': '', 'time': 20.46}, {'type': 'DRAGON', 'sub_type': 'HEXTECH_DRAGON', 'time': 25.57}, {'type': 'BARON_NASHOR', 'sub_type': '', 'time': 26.91}]}"
Kayle,31154,31445,14709,36.0,308,20,8,False,TOP,KSante,0.21198388721047332,"[500, 500, 541, 839, 1122, 1301, 1549, 1915, 2143, 2279, 2638, 2994, 3319, 3565, 4099, 4327, 4782, 5215, 5797, 6114, 6286, 6594, 6960, 7415, 7713, 7835, 8362, 8875, 9482, 9909, 10464, 11750, 12067, 12506, 13122, 14107, 14709]","[0, 0, 0, 491, 1139, 1510, 1971, 2619, 3205, 3297, 4007, 4667, 5098, 5375, 6072, 6305, 6962, 7669, 8499, 8899, 9040, 9525, 10284, 10932, 11357, 11357, 12130, 12873, 13487, 14175, 14903, 15964, 16336, 17016, 17742, 19271, 19654]","[500, 500, 541, 860, 1389, 1725, 2078, 2495, 3001, 3554, 3892, 4219, 4342, 4708, 4921, 5268, 5929, 6356, 6994, 7229, 8691, 8995, 9319, 9652, 10043, 11035, 11505, 12111, 12586, 13022, 13686, 14962, 15084, 15302, 15643, 16454, 17270]","[0, 0, 185, 852, 1548, 2104, 2772, 3419, 3934, 4977, 5625, 6296, 6296, 6997, 7489, 8014, 8550, 9328, 10386, 10654, 11061, 11509, 12164, 13453, 14101, 14759, 15441, 16487, 17197, 18397, 19234, 20011, 20011, 20286, 20691, 22067, 22896]",{'DRAGON': 2},"{'HORDE': 6, 'DRAGON': 3, 'RIFTHERALD': 1, 'ATAKHAN': 1, 'BARON_NASHOR': 2}",200.0,"{200: [{'type': 'DRAGON', 'sub_type': 'FIRE_DRAGON', 'time': 6.11}, {'type': 'DRAGON', 'sub_type': 'WATER_DRAGON', 'time': 19.05}], 100: [{'type': 'HORDE', 'sub_type': '', 'time': 6.2}, {'type': 'HORDE', 'sub_type': '', 'time': 6.33}, {'type': 'HORDE', 'sub_type': '', 'time': 6.41}, {'type': 'HORDE', 'sub_type': '', 'time': 10.61}, {'type': 'HORDE', 'sub_type': '', 'time': 10.69}, {'type': 'HORDE', 'sub_type': '', 'time': 10.74}, {'type': 'DRAGON', 'sub_type': 'HEXTECH_DRAGON', 'time': 11.72}, {'type': 'RIFTHERALD', 'sub_type': '', 'time': 18.87}, {'type': 'ATAKHAN', 'sub_type': '', 'time': 22.15}, {'type': 'DRAGON', 'sub_type': 'WATER_DRAGON', 'time': 25.09}, {'type': 'BARON_NASHOR', 'sub_type': '', 'time': 28.46}, {'type': 'DRAGON', 'sub_type': 'WATER_DRAGON', 'time': 31.99}, {'type': 'BARON_NASHOR', 'sub_type': '', 'time': 34.82}]}"
Ezreal,48511,28448,18798,33.95,274,12,5,True,BOTTOM,Corki,0.3176279553981235,"[500, 500, 541, 1467, 1806, 2125, 2404, 3023, 3483, 3989, 4376, 4623, 5650, 5871, 6759, 7008, 7521, 7894, 8218, 8534, 8936, 9574, 9961, 10430, 11232, 11616, 12065, 12621, 14119, 14559, 15383, 16099, 16511, 17057, 18798]","[0, 0, 40, 518, 1105, 1658, 1921, 2650, 3060, 3759, 4477, 4732, 5957, 6160, 6909, 7177, 7907, 8361, 8741, 9230, 9937, 10899, 11357, 11713, 11872, 12486, 13027, 14318, 15092, 15767, 16712, 17392, 17870, 18615, 20109]","[500, 500, 555, 804, 1080, 1378, 2062, 2205, 2714, 2899, 3265, 3528, 4611, 4922, 5193, 5602, 5832, 6309, 6699, 7235, 7400, 7816, 8252, 8710, 9504, 9754, 10197, 10659, 10803, 11437, 11859, 12151, 12734, 12906, 13111]","[0, 0, 60, 484, 946, 1592, 1960, 2147, 2557, 2833, 3292, 3601, 4605, 5181, 5430, 6128, 6531, 7296, 7950, 8745, 8868, 9439, 10060, 10721, 11220, 11478, 12097, 13491, 13800, 14672, 15216, 15725, 16634, 16789, 17039]","{'HORDE': 6, 'DRAGON': 2, 'BARON_NASHOR': 1}","{'DRAGON': 2, 'RIFTHERALD': 1, 'ATAKHAN': 1}",100.0,"{100: [{'type': 'HORDE', 'sub_type': '', 'time': 6.42}, {'type': 'HORDE', 'sub_type': '', 'time': 6.56}, {'type': 'HORDE', 'sub_type': '', 'time': 6.62}, {'type': 'HORDE', 'sub_type': '', 'time': 10.88}, {'type': 'HORDE', 'sub_type': '', 'time': 10.98}, {'type': 'HORDE', 'sub_type': '', 'time': 11.11}, {'type': 'DRAGON', 'sub_type': 'AIR_DRAGON', 'time': 18.34}, {'type': 'BARON_NASHOR', 'sub_type': '', 'time': 26.94}, {'type': 'DRAGON', 'sub_type': 'FIRE_DRAGON', 'time': 30.01}], 200: [{'type': 'DRAGON', 'sub_type': 'HEXTECH_DRAGON', 'time': 12.59}, {'type': 'RIFTHERALD', 'sub_type': '', 'time': 17.29}, {'type': 'DRAGON', 'sub_type': 'FIRE_DRAGON', 'time': 24.53}, {'type': 'ATAKHAN', 'sub_type': '', 'time': 26.1}]}"
Poppy,9910,13330,5580,15.65,117,0,3,False,MIDDLE,Yasuo,0.28782202085330083,"[500, 500, 562, 867, 1234, 1542, 1888, 2222, 2840, 3225, 3590, 3731, 4493, 4664, 5102, 5329, 5580]","[0, 0, 185, 798, 1446, 2053, 2646, 3263, 3815, 4481, 5005, 5066, 6172, 6450, 7344, 7647, 8049]","[500, 500, 632, 965, 1339, 1668, 1972, 2212, 2533, 3243, 3449, 4057, 4229, 5198, 5524, 5884, 6289]","[0, 0, 276, 829, 1477, 2125, 2617, 2984, 3510, 4127, 4472, 5228, 5397, 6286, 6780, 7276, 7924]","{'HORDE': 1, 'DRAGON': 1}",{'HORDE': 5},200.0,"{200: [{'type': 'HORDE', 'sub_type': '', 'time': 6.15}, {'type': 'DRAGON', 'sub_type': 'AIR_DRAGON', 'time': 13.75}], 100: [{'type': 'HORDE', 'sub_type': '', 'time': 6.43}, {'type': 'HORDE', 'sub_type': '', 'time': 6.51}, {'type': 'HORDE', 'sub_type': '', 'time': 12.49}, {'type': 'HORDE', 'sub_type': '', 'time': 12.69}, {'type': 'HORDE', 'sub_type': '', 'time': 12.81}]}"
Tristana,32001,23601,13894,33.71666666666667,238,25,4,True,BOTTOM,Yasuo,0.2825595563953591,"[500, 500, 604, 888, 1283, 1476, 1787, 2327, 2585, 3153, 3456, 3721, 4294, 4652, 5058, 5391, 5584, 5978, 6761, 6925, 7470, 7690, 8095, 8217, 8448, 9378, 9592, 9914, 10378, 10725, 10883, 11643, 12020, 12970, 13894]","[0, 0, 120, 521, 964, 1207, 1568, 2024, 2366, 2868, 3270, 3701, 4440, 4922, 5475, 5904, 5984, 6604, 7520, 7697, 8098, 8543, 8828, 8851, 9001, 9773, 9959, 10283, 11050, 11241, 11367, 12599, 13258, 14501, 14856]","[500, 500, 618, 937, 1297, 1682, 1853, 2005, 2424, 2658, 2968, 3371, 3644, 3995, 4341, 4632, 4981, 5108, 5616, 5975, 6258, 6597, 7264, 7833, 8238, 8360, 8498, 9810, 10178, 10381, 10782, 11229, 11372, 11551, 11638]","[0, 0, 140, 521, 964, 1386, 1556, 1587, 2283, 2524, 2903, 3668, 4262, 4787, 5234, 5715, 6420, 6558, 7206, 7669, 8002, 8206, 9097, 9372, 10219, 10585, 10585, 11889, 12188, 12368, 12958, 13325, 13466, 13580, 13580]","{'HORDE': 2, 'RIFTHERALD': 1, 'DRAGON': 2}","{'HORDE': 4, 'DRAGON': 2, 'ATAKHAN': 1, 'BARON_NASHOR': 1}",100.0,"{200: [{'type': 'HORDE', 'sub_type': '', 'time': 6.18}, {'type': 'HORDE', 'sub_type': '', 'time': 6.33}, {'type': 'HORDE', 'sub_type': '', 'time': 6.45}, {'type': 'HORDE', 'sub_type': '', 'time': 11.39}, {'type': 'DRAGON', 'sub_type': 'WATER_DRAGON', 'time': 13.09}, {'type': 'DRAGON', 'sub_type': 'HEXTECH_DRAGON', 'time': 20.01}, {'type': 'ATAKHAN', 'sub_type': '', 'time': 26.11}, {'type': 'BARON_NASHOR', 'sub_type': '', 'time': 26.62}], 100: [{'type': 'HORDE', 'sub_type': '', 'time': 10.69}, {'type': 'HORDE', 'sub_type': '', 'time': 11.11}, {'type': 'RIFTHERALD', 'sub_type': '', 'time': 18.11}, {'type': 'DRAGON', 'sub_type': 'AIR_DRAGON', 'time': 26.35}, {'type': 'DRAGON', 'sub_type': 'AIR_DRAGON', 'time': 31.45}]}"
Xerath,28766,15726,12326,28.566666666666666,225,6,4,True,MIDDLE,Viktor,0.275404499760651,"[500, 500, 618, 874, 1241, 1619, 1937, 2317, 2692, 2849, 3575, 3990, 4339, 4827, 5076, 5472, 6362, 6718, 7191, 7394, 7712, 7889, 8354, 8672, 9203, 9634, 10404, 10669, 11392, 12326]","[0, 0, 215, 768, 1477, 2125, 2678, 3325, 3844, 4059, 4715, 5267, 5734, 6202, 6322, 6898, 8214, 8667, 8811, 9147, 9703, 9761, 10683, 10990, 11680, 12328, 12952, 13145, 13696, 14229]","[500, 500, 632, 923, 1283, 1612, 1964, 2312, 2681, 3593, 3897, 4244, 4556, 4900, 5308, 5640, 6009, 6324, 6593, 7098, 7499, 7849, 8579, 8758, 9189, 9685, 10420, 10637, 11027, 11100]","[0, 0, 276, 829, 1477, 2017, 2420, 2945, 3616, 4213, 4829, 5385, 5999, 6522, 7200, 7776, 8052, 8446, 8876, 9995, 10650, 11125, 11831, 12292, 12878, 13574, 13789, 13884, 14427, 14427]","{'DRAGON': 4, 'HORDE': 3, 'ATAKHAN': 1}","{'HORDE': 3, 'RIFTHERALD': 1}",200.0,"{100: [{'type': 'HORDE', 'sub_type': '', 'time': 6.56}, {'type': 'HORDE', 'sub_type': '', 'time': 6.7}, {'type': 'HORDE', 'sub_type': '', 'time': 6.83}, {'type': 'RIFTHERALD', 'sub_type': '', 'time': 20.27}], 200: [{'type': 'DRAGON', 'sub_type': 'FIRE_DRAGON', 'time': 7.33}, {'type': 'HORDE', 'sub_type': '', 'time': 11.34}, {'type': 'HORDE', 'sub_type': '', 'time': 11.51}, {'type': 'HORDE', 'sub_type': '', 'time': 11.7}, {'type': 'DRAGON', 'sub_type': 'HEXTECH_DRAGON', 'time': 14.14}, {'type': 'DRAGON', 'sub_type': 'EARTH_DRAGON', 'time': 20.15}, {'type': 'ATAKHAN', 'sub_type': '', 'time': 21.38}, {'type': 'DRAGON', 'sub_type': 'EARTH_DRAGON', 'time': 26.43}]}"
Azir,13891,18847,14201,29.9,304,14,2,True,MIDDLE,Mel,0.1667146731955546,"[500, 500, 646, 979, 1346, 1745, 2179, 2664, 3069, 3401, 3920, 4147, 4507, 5001, 5381, 5658, 6077, 6483, 6885, 7457, 7778, 8233, 8594, 9044, 9199, 10013, 10463, 10938, 11274, 12681, 14201]","[0, 0, 276, 829, 1455, 2103, 2556, 3181, 3829, 4382, 5030, 5475, 6087, 6919, 7406, 7982, 8677, 9241, 9860, 10760, 11212, 11880, 12281, 12969, 13021, 13693, 14312, 14835, 15144, 16445, 18156]","[500, 500, 646, 979, 1332, 1717, 1972, 2696, 3531, 3864, 4215, 4545, 4836, 5257, 5688, 6041, 6547, 6754, 7170, 7834, 8257, 8966, 9375, 9755, 10240, 10377, 10805, 11060, 11417, 11646, 11769]","[0, 0, 276, 829, 1477, 2094, 2585, 3102, 3812, 4333, 5004, 5478, 6031, 6702, 7350, 8049, 8906, 9140, 9752, 10446, 11377, 12696, 13362, 13801, 13943, 13943, 14439, 14648, 15268, 15616, 15727]","{'DRAGON': 3, 'HORDE': 3}","{'HORDE': 3, 'DRAGON': 2, 'RIFTHERALD': 1, 'ATAKHAN': 1}",200.0,"{200: [{'type': 'DRAGON', 'sub_type': 'WATER_DRAGON', 'time': 6.11}, {'type': 'HORDE', 'sub_type': '', 'time': 11.74}, {'type': 'HORDE', 'sub_type': '', 'time': 11.89}, {'type': 'HORDE', 'sub_type': '', 'time': 12.01}, {'type': 'DRAGON', 'sub_type': 'HEXTECH_DRAGON', 'time': 18.14}, {'type': 'DRAGON', 'sub_type': 'HEXTECH_DRAGON', 'time': 23.84}], 100: [{'type': 'HORDE', 'sub_type': '', 'time': 6.54}, {'type': 'HORDE', 'sub_type': '', 'time': 6.78}, {'type': 'HORDE', 'sub_type': '', 'time': 6.86}, {'type': 'DRAGON', 'sub_type': 'EARTH_DRAGON', 'time': 12.66}, {'type': 'RIFTHERALD', 'sub_type': '', 'time': 17.54}, {'type': 'ATAKHAN', 'sub_type': '', 'time': 20.54}, {'type': 'DRAGON', 'sub_type': 'HEXTECH_DRAGON', 'time': 29.27}]}"
Mel,20008,15722,9689,25.583333333333332,229,4,5,False,MIDDLE,Kayle,0.2543217408989221,"[500, 500, 646, 979, 1374, 1773, 1937, 2192, 2606, 3013, 3546, 3940, 4202, 4900, 5358, 6082, 6439, 6816, 7192, 7356, 7820, 8098, 8413, 8551, 8792, 9485, 9689]","[0, 0, 276, 829, 1477, 2125, 2216, 2645, 3293, 3874, 4522, 5104, 5657, 6389, 6900, 7600, 8062, 8648, 9368, 9613, 10352, 11535, 12139, 12286, 12624, 13059, 13245]","[500, 500, 604, 811, 1101, 1325, 2040, 2433, 2761, 3604, 4024, 4336, 4801, 5034, 5429, 6220, 6741, 7447, 8370, 8567, 9364, 10098, 10424, 10919, 11282, 13126, 13946]","[0, 0, 185, 768, 1477, 2032, 2466, 3114, 3734, 4209, 4857, 5520, 5834, 6238, 6824, 7601, 8596, 9071, 10031, 10330, 11471, 12454, 12760, 13555, 14147, 15401, 15917]","{'HORDE': 6, 'DRAGON': 1, 'RIFTHERALD': 1, 'ATAKHAN': 1}",{'DRAGON': 2},200.0,"{200: [{'type': 'HORDE', 'sub_type': '', 'time': 7.1}, {'type': 'HORDE', 'sub_type': '', 'time': 7.3}, {'type': 'HORDE', 'sub_type': '', 'time': 7.47}, {'type': 'DRAGON', 'sub_type': 'AIR_DRAGON', 'time': 10.19}, {'type': 'HORDE', 'sub_type': '', 'time': 12.6}, {'type': 'HORDE', 'sub_type': '', 'time': 12.79}, {'type': 'HORDE', 'sub_type': '', 'time': 12.92}, {'type': 'RIFTHERALD', 'sub_type': '', 'time': 19.21}, {'type': 'ATAKHAN', 'sub_type': '', 'time': 20.89}], 100: [{'type': 'DRAGON', 'sub_type': 'HEXTECH_DRAGON', 'time': 16.33}, {'type': 'DRAGON', 'sub_type': 'EARTH_DRAGON', 'time': 21.83}]}"
Xerath,24318,12508,13402,27.433333333333334,227,0,3,True,MIDDLE,Smolder,0.24990751017388088,"[500, 500, 611, 930, 1534, 1943, 2535, 2784, 3460, 3899, 4369, 4885, 5318, 6190, 6445, 7186, 7309, 7735, 8074, 8511, 9152, 9555, 10090, 10631, 11344, 11843, 12402, 13248, 13402]","[0, 0, 276, 829, 1621, 2269, 3026, 3612, 4222, 4412, 5275, 5664, 5951, 6721, 6936, 7857, 7995, 8890, 9373, 10082, 11426, 11717, 13487, 14184, 14460, 14884, 15892, 17235, 17248]","[500, 500, 646, 951, 1282, 1657, 1860, 2200, 2434, 2739, 3160, 3494, 4584, 4982, 5278, 5480, 6062, 6719, 7002, 7267, 7515, 7874, 8640, 8763, 9133, 9593, 10076, 10328, 10382]","[0, 0, 276, 768, 1382, 2030, 2306, 2922, 3229, 3720, 4400, 5055, 5703, 6366, 6738, 7014, 7374, 8449, 8904, 9283, 9578, 10164, 11053, 11053, 11459, 11900, 12571, 12835, 13127]","{'HORDE': 5, 'DRAGON': 3, 'ATAKHAN': 1, 'BARON_NASHOR': 1}","{'DRAGON': 1, 'HORDE': 1, 'RIFTHERALD': 1}",100.0,"{200: [{'type': 'DRAGON', 'sub_type': 'HEXTECH_DRAGON', 'time': 5.85}, {'type': 'HORDE', 'sub_type': '', 'time': 12.27}, {'type': 'RIFTHERALD', 'sub_type': '', 'time': 17.09}], 100: [{'type': 'HORDE', 'sub_type': '', 'time': 7.83}, {'type': 'HORDE', 'sub_type': '', 'time': 7.91}, {'type': 'HORDE', 'sub_type': '', 'time': 8.03}, {'type': 'DRAGON', 'sub_type': 'AIR_DRAGON', 'time': 11.17}, {'type': 'HORDE', 'sub_type': '', 'time': 12.4}, {'type': 'HORDE', 'sub_type': '', 'time': 12.5}, {'type': 'DRAGON', 'sub_type': 'EARTH_DRAGON', 'time': 16.85}, {'type': 'ATAKHAN', 'sub_type': '', 'time': 21.53}, {'type': 'DRAGON', 'sub_type': 'EARTH_DRAGON', 'time': 22.6}, {'type': 'BARON_NASHOR', 'sub_type': '', 'time': 25.26}]}"
Ambessa,31125,36718,12790,30.216666666666665,193,26,5,True,MIDDLE,Azir,0.22191722220241702,"[500, 500, 594, 801, 1133, 1490, 1717, 2013, 2313, 2725, 3028, 3454, 3723, 4130, 4322, 5050, 5817, 6496, 6723, 7245, 7735, 8127, 8888, 9365, 9995, 10310, 10747, 11019, 11468, 12073, 12714, 12790]","[0, 0, 255, 623, 1455, 1937, 2275, 2798, 3163, 3944, 4372, 5073, 5565, 6151, 6365, 6910, 7937, 8631, 9046, 9469, 10337, 10820, 12384, 13059, 14604, 15155, 16028, 16204, 16903, 17442, 18375, 18424]","[500, 500, 588, 893, 1190, 1505, 1793, 2452, 2801, 3000, 3408, 3643, 3933, 4331, 5102, 5392, 6077, 6345, 6762, 7168, 7652, 8379, 8501, 8674, 9096, 9951, 10205, 10912, 11341, 11988, 12180, 12206]","[0, 0, 246, 768, 1416, 1837, 2359, 3051, 3545, 3791, 4448, 4744, 5396, 6044, 6712, 7201, 7872, 8089, 8799, 9169, 10009, 10657, 10657, 10835, 11513, 12341, 12615, 14118, 14675, 15626, 16015, 16015]","{'HORDE': 3, 'DRAGON': 3, 'RIFTHERALD': 1, 'ATAKHAN': 1, 'BARON_NASHOR': 1}",{'HORDE': 3},200.0,"{200: [{'type': 'HORDE', 'sub_type': '', 'time': 7.15}, {'type': 'HORDE', 'sub_type': '', 'time': 7.3}, {'type': 'HORDE', 'sub_type': '', 'time': 7.39}, {'type': 'DRAGON', 'sub_type': 'AIR_DRAGON', 'time': 12.6}, {'type': 'DRAGON', 'sub_type': 'FIRE_DRAGON', 'time': 18.45}, {'type': 'RIFTHERALD', 'sub_type': '', 'time': 21.55}, {'type': 'ATAKHAN', 'sub_type': '', 'time': 23.29}, {'type': 'DRAGON', 'sub_type': 'HEXTECH_DRAGON', 'time': 24.35}, {'type': 'BARON_NASHOR', 'sub_type': '', 'time': 25.55}], 100: [{'type': 'HORDE', 'sub_type': '', 'time': 13.07}, {'type': 'HORDE', 'sub_type': '', 'time': 13.3}, {'type': 'HORDE', 'sub_type': '', 'time': 13.42}]}"
Mel,44700,26916,13630,36.733333333333334,228,0,8,False,MIDDLE,Velkoz,0.2573135771768038,"[500, 500, 646, 958, 1311, 1825, 2038, 2251, 2430, 2797, 3184, 3559, 3856, 4863, 5133, 5600, 5998, 6504, 6673, 6940, 7249, 7658, 7962, 8567, 8689, 9106, 9577, 9709, 9954, 10236, 10963, 11154, 11402, 11929, 12183, 12654, 13541, 13630]","[0, 0, 276, 818, 1405, 2182, 2428, 2674, 2857, 3438, 4086, 4770, 5323, 6176, 6660, 7175, 7813, 8358, 8563, 9163, 9509, 10111, 10393, 10768, 11013, 12366, 12844, 12844, 13429, 14184, 14934, 15171, 15287, 15654, 15816, 16341, 16707, 16707]","[500, 500, 618, 923, 1262, 1811, 2338, 2762, 3310, 3579, 4015, 4221, 4826, 5374, 5735, 6019, 6417, 6539, 6885, 7153, 7594, 7863, 8246, 8752, 8978, 9978, 10337, 10751, 10918, 11188, 11594, 11806, 12060, 12427, 12849, 13045, 13673, 13952]","[0, 0, 215, 829, 1415, 2081, 2669, 3064, 3629, 4082, 4668, 4721, 5605, 6424, 6936, 7539, 8217, 8240, 8796, 9137, 9710, 10101, 10662, 10968, 11118, 11911, 12425, 12822, 12988, 13257, 13542, 13645, 13928, 14692, 15292, 15511, 16232, 17077]","{'DRAGON': 2, 'ATAKHAN': 1}","{'HORDE': 6, 'DRAGON': 3, 'RIFTHERALD': 1, 'BARON_NASHOR': 1}",100.0,"{200: [{'type': 'HORDE', 'sub_type': '', 'time': 6.43}, {'type': 'HORDE', 'sub_type': '', 'time': 6.64}, {'type': 'HORDE', 'sub_type': '', 'time': 6.74}, {'type': 'HORDE', 'sub_type': '', 'time': 11.26}, {'type': 'HORDE', 'sub_type': '', 'time': 11.46}, {'type': 'HORDE', 'sub_type': '', 'time': 11.6}, {'type': 'DRAGON', 'sub_type': 'AIR_DRAGON', 'time': 13.29}, {'type': 'RIFTHERALD', 'sub_type': '', 'time': 16.54}, {'type': 'DRAGON', 'sub_type': 'FIRE_DRAGON', 'time': 18.92}, {'type': 'DRAGON', 'sub_type': 'FIRE_DRAGON', 'time': 24.18}, {'type': 'BARON_NASHOR', 'sub_type': '', 'time': 33.4}], 100: [{'type': 'DRAGON', 'sub_type': 'HEXTECH_DRAGON', 'time': 7.37}, {'type': 'ATAKHAN', 'sub_type': '', 'time': 24.42}, {'type': 'DRAGON', 'sub_type': 'FIRE_DRAGON', 'time': 30.4}]}"
Karma,24505,18479,12068,26.233333333333334,220,0,1,True,MIDDLE,Sylas,0.22928225904544478,"[500, 500, 618, 1202, 1576, 1943, 2254, 2693, 3139, 3647, 4214, 4562, 5499, 5856, 6302, 6740, 7418, 7819, 8425, 8715, 9228, 9525, 10142, 10472, 10895, 11017, 11939, 12068]","[0, 0, 194, 891, 1569, 1950, 2503, 3051, 3679, 4215, 4906, 5414, 6103, 6743, 7435, 8234, 8838, 9411, 10067, 10758, 11717, 12980, 13999, 14279, 14461, 14561, 16157, 16254]","[500, 500, 541, 769, 1003, 1396, 1616, 1794, 2108, 2251, 2573, 2829, 3056, 3365, 3697, 4000, 5177, 5535, 5813, 6272, 6589, 6884, 7564, 7993, 8115, 8517, 8702, 8731]","[0, 0, 185, 646, 1045, 1371, 1922, 2107, 2732, 2855, 3532, 3934, 4210, 4641, 5193, 5778, 6633, 7477, 7812, 8580, 9226, 9897, 10444, 11222, 11222, 11741, 11841, 11841]","{'HORDE': 6, 'DRAGON': 4, 'RIFTHERALD': 1, 'ATAKHAN': 1, 'BARON_NASHOR': 1}",{},100.0,"{100: [{'type': 'HORDE', 'sub_type': '', 'time': 6.32}, {'type': 'HORDE', 'sub_type': '', 'time': 6.42}, {'type': 'HORDE', 'sub_type': '', 'time': 6.46}, {'type': 'DRAGON', 'sub_type': 'HEXTECH_DRAGON', 'time': 8.42}, {'type': 'HORDE', 'sub_type': '', 'time': 11.2}, {'type': 'HORDE', 'sub_type': '', 'time': 11.35}, {'type': 'HORDE', 'sub_type': '', 'time': 11.42}, {'type': 'DRAGON', 'sub_type': 'EARTH_DRAGON', 'time': 13.81}, {'type': 'RIFTHERALD', 'sub_type': '', 'time': 17.24}, {'type': 'DRAGON', 'sub_type': 'WATER_DRAGON', 'time': 19.14}, {'type': 'ATAKHAN', 'sub_type': '', 'time': 20.37}, {'type': 'DRAGON', 'sub_type': 'WATER_DRAGON', 'time': 24.35}, {'type': 'BARON_NASHOR', 'sub_type': '', 'time': 25.35}]}"
Karma,34032,15427,11247,26.033333333333335,218,0,1,True,TOP,Maokai,0.2709683583610682,"[500, 500, 646, 979, 1360, 1759, 2216, 2538, 3006, 3463, 3787, 4218, 4617, 4796, 5052, 5264, 5669, 6025, 6850, 7468, 7737, 8247, 8815, 9168, 9834, 10708, 11242, 11247]","[0, 0, 276, 829, 1477, 2125, 2678, 3111, 3973, 4572, 5028, 5860, 6351, 6505, 6821, 7237, 8080, 8604, 9356, 10215, 10863, 11826, 12668, 14087, 15316, 15772, 16886, 16886]","[500, 500, 562, 811, 1115, 1343, 1678, 1914, 2156, 2467, 2681, 3056, 3272, 3984, 4143, 4515, 4813, 5205, 5327, 5917, 6288, 6410, 6652, 7893, 8043, 8166, 8316, 8321]","[0, 0, 61, 676, 1446, 1753, 2462, 2830, 3163, 3807, 4114, 4670, 5038, 6450, 6625, 7347, 7708, 8198, 8221, 8876, 9399, 9675, 9981, 10721, 10782, 10782, 10829, 10829]","{'DRAGON': 3, 'ATAKHAN': 1}","{'HORDE': 6, 'RIFTHERALD': 1}",200.0,"{100: [{'type': 'HORDE', 'sub_type': '', 'time': 6.52}, {'type': 'HORDE', 'sub_type': '', 'time': 6.67}, {'type': 'HORDE', 'sub_type': '', 'time': 6.86}, {'type': 'HORDE', 'sub_type': '', 'time': 11.3}, {'type': 'HORDE', 'sub_type': '', 'time': 13.83}, {'type': 'HORDE', 'sub_type': '', 'time': 14.04}, {'type': 'RIFTHERALD', 'sub_type': '', 'time': 22.36}], 200: [{'type': 'DRAGON', 'sub_type': 'WATER_DRAGON', 'time': 7.48}, {'type': 'DRAGON', 'sub_type': 'AIR_DRAGON', 'time': 14.46}, {'type': 'DRAGON', 'sub_type': 'EARTH_DRAGON', 'time': 20.38}, {'type': 'ATAKHAN', 'sub_type': '', 'time': 22.53}]}"
Syndra,28694,23314,11852,28.966666666666665,243,0,7,False,MIDDLE,Yone,0.25992354656955996,"[500, 500, 630, 990, 1307, 1723, 2052, 2256, 2610, 2935, 3360, 3635, 4023, 4347, 4777, 5024, 5782, 6225, 6999, 7208, 7661, 8002, 8323, 8614, 9197, 10326, 10735, 10979, 11610, 11852]","[0, 0, 215, 829, 1405, 1980, 2488, 2826, 3410, 3963, 4637, 4913, 5115, 5518, 6236, 6642, 7500, 8175, 8855, 8855, 9619, 9814, 10187, 10709, 11451, 12185, 12709, 13065, 13718, 13809]","[500, 500, 597, 888, 1255, 1528, 1790, 2329, 2557, 2884, 3255, 3935, 4215, 4707, 4843, 5284, 6081, 6505, 6890, 7184, 7690, 8071, 8618, 9976, 10515, 10637, 11018, 11900, 12518, 13148]","[0, 0, 276, 768, 1412, 1844, 2345, 2941, 3421, 3963, 4550, 5269, 5666, 6343, 6529, 7335, 8223, 8917, 9727, 10215, 11124, 11795, 12294, 14068, 14835, 14835, 15455, 17249, 17717, 18832]",{'DRAGON': 2},"{'HORDE': 6, 'DRAGON': 1, 'RIFTHERALD': 1, 'ATAKHAN': 1, 'BARON_NASHOR': 1}",200.0,"{100: [{'type': 'HORDE', 'sub_type': '', 'time': 6.33}, {'type': 'HORDE', 'sub_type': '', 'time': 6.49}, {'type': 'HORDE', 'sub_type': '', 'time': 6.59}, {'type': 'HORDE', 'sub_type': '', 'time': 10.72}, {'type': 'HORDE', 'sub_type': '', 'time': 10.84}, {'type': 'HORDE', 'sub_type': '', 'time': 10.92}, {'type': 'DRAGON', 'sub_type': 'HEXTECH_DRAGON', 'time': 17.18}, {'type': 'RIFTHERALD', 'sub_type': '', 'time': 18.73}, {'type': 'ATAKHAN', 'sub_type': '', 'time': 22.17}, {'type': 'BARON_NASHOR', 'sub_type': '', 'time': 26.12}], 200: [{'type': 'DRAGON', 'sub_type': 'FIRE_DRAGON', 'time': 11.11}, {'type': 'DRAGON', 'sub_type': 'AIR_DRAGON', 'time': 22.71}]}"
Xerath,8884,7993,6452,15.733333333333333,141,0,2,True,MIDDLE,Azir,0.23112544877465008,"[500, 500, 590, 895, 1143, 1500, 1783, 2212, 2692, 3110, 3455, 4111, 4466, 4919, 5188, 5821, 6452]","[0, 0, 184, 798, 1193, 1768, 2198, 2907, 3207, 3885, 4329, 4955, 5470, 6163, 6592, 7432, 7770]","[500, 500, 646, 965, 1199, 1633, 1881, 2263, 2762, 2989, 3585, 3763, 4116, 4446, 5356, 5631, 5720]","[0, 0, 276, 829, 1293, 2052, 2533, 3181, 3824, 4177, 4712, 4926, 5541, 6127, 6906, 7381, 7381]","{'DRAGON': 2, 'HORDE': 3}",{'HORDE': 3},200.0,"{100: [{'type': 'HORDE', 'sub_type': '', 'time': 6.54}, {'type': 'HORDE', 'sub_type': '', 'time': 6.68}, {'type': 'HORDE', 'sub_type': '', 'time': 6.82}], 200: [{'type': 'DRAGON', 'sub_type': 'FIRE_DRAGON', 'time': 6.61}, {'type': 'HORDE', 'sub_type': '', 'time': 10.93}, {'type': 'HORDE', 'sub_type': '', 'time': 11.14}, {'type': 'HORDE', 'sub_type': '', 'time': 11.27}, {'type': 'DRAGON', 'sub_type': 'HEXTECH_DRAGON', 'time': 12.95}]}"
Syndra,32262,24333,13866,30.133333333333333,225,20,6,True,MIDDLE,Azir,0.23030138629127822,"[500, 500, 663, 967, 1381, 1732, 2051, 2357, 2556, 2867, 3288, 3720, 4303, 4669, 5748, 6585, 7421, 8065, 8488, 8901, 9583, 10663, 10902, 11030, 11621, 12077, 12212, 12373, 12496, 13073, 13840, 13866]","[0, 0, 276, 798, 1446, 2125, 2646, 3119, 3335, 3888, 4536, 5369, 5776, 6469, 7438, 8209, 9070, 9795, 10304, 10811, 11962, 12808, 12994, 12994, 14693, 15389, 15476, 15627, 15627, 16108, 16682, 16682]","[500, 500, 625, 944, 1227, 1591, 1909, 2589, 3213, 3795, 4186, 4586, 5385, 5713, 5909, 6751, 7213, 7569, 8064, 8366, 8697, 8820, 9284, 10207, 10566, 11384, 11844, 12436, 12559, 13189, 13311, 13328]","[0, 0, 276, 829, 1477, 2125, 2593, 3190, 3824, 4187, 4835, 5506, 5764, 6360, 6513, 7568, 8431, 8894, 9654, 9958, 10636, 10666, 11408, 11882, 12368, 13201, 13583, 14195, 14195, 14984, 14984, 14984]","{'HORDE': 3, 'DRAGON': 3, 'RIFTHERALD': 1, 'ATAKHAN': 1}","{'DRAGON': 1, 'HORDE': 3}",100.0,"{100: [{'type': 'HORDE', 'sub_type': '', 'time': 6.93}, {'type': 'HORDE', 'sub_type': '', 'time': 7.09}, {'type': 'HORDE', 'sub_type': '', 'time': 7.21}, {'type': 'DRAGON', 'sub_type': 'HEXTECH_DRAGON', 'time': 13.21}, {'type': 'RIFTHERALD', 'sub_type': '', 'time': 17.32}, {'type': 'DRAGON', 'sub_type': 'WATER_DRAGON', 'time': 19.16}, {'type': 'ATAKHAN', 'sub_type': '', 'time': 23.77}, {'type': 'DRAGON', 'sub_type': 'WATER_DRAGON', 'time': 24.8}], 200: [{'type': 'DRAGON', 'sub_type': 'FIRE_DRAGON', 'time': 7.76}, {'type': 'HORDE', 'sub_type': '', 'time': 12.05}, {'type': 'HORDE', 'sub_type': '', 'time': 12.16}, {'type': 'HORDE', 'sub_type': '', 'time': 13.17}]}"
Smolder,27014,26424,10845,29.433333333333334,235,12,7,False,MIDDLE,Jayce,0.25122992364708396,"[500, 518, 665, 892, 1542, 1843, 2482, 2863, 3211, 3396, 3783, 4137, 4449, 4894, 5016, 5349, 5521, 5876, 6279, 6653, 7080, 7636, 8216, 8613, 8736, 9212, 9492, 10104, 10599, 10792, 10845]","[0, 5, 282, 558, 1202, 1580, 2398, 2965, 3489, 3728, 4399, 5015, 5575, 6283, 6283, 6915, 7010, 7350, 7747, 8319, 9231, 10119, 10708, 11488, 11488, 12337, 12693, 13673, 13850, 14054, 14054]","[500, 500, 625, 1209, 1583, 1823, 2106, 2460, 3210, 3543, 3971, 4324, 4635, 5058, 5644, 5985, 6242, 7028, 7555, 7960, 8514, 9241, 9499, 10020, 10666, 10938, 11207, 11506, 12081, 12909, 13757]","[0, 0, 276, 771, 1380, 1636, 2219, 2829, 3518, 4049, 4743, 5237, 5813, 6399, 7120, 7696, 7939, 8183, 9208, 9907, 11177, 11783, 12107, 12308, 12834, 13563, 14083, 14600, 15671, 16684, 16989]","{'DRAGON': 1, 'RIFTHERALD': 1}","{'HORDE': 6, 'DRAGON': 2, 'ATAKHAN': 1, 'BARON_NASHOR': 1}",200.0,"{100: [{'type': 'HORDE', 'sub_type': '', 'time': 6.54}, {'type': 'HORDE', 'sub_type': '', 'time': 6.68}, {'type': 'HORDE', 'sub_type': '', 'time': 6.95}, {'type': 'HORDE', 'sub_type': '', 'time': 12.19}, {'type': 'HORDE', 'sub_type': '', 'time': 12.34}, {'type': 'HORDE', 'sub_type': '', 'time': 12.4}, {'type': 'DRAGON', 'sub_type': 'EARTH_DRAGON', 'time': 15.98}, {'type': 'ATAKHAN', 'sub_type': '', 'time': 23.98}, {'type': 'DRAGON', 'sub_type': 'HEXTECH_DRAGON', 'time': 25.99}, {'type': 'BARON_NASHOR', 'sub_type': '', 'time': 27.54}], 200: [{'type': 'DRAGON', 'sub_type': 'AIR_DRAGON', 'time': 9.83}, {'type': 'RIFTHERALD', 'sub_type': '', 'time': 20.71}]}"
Akali,27873,19132,12510,26.666666666666668,213,4,2,True,MIDDLE,Ekko,0.3213766862677274,"[500, 500, 611, 923, 1269, 1577, 1900, 2310, 2715, 3031, 3355, 3643, 4053, 4356, 5194, 6070, 6578, 7432, 7685, 8041, 9030, 9202, 9573, 10416, 10901, 11204, 11846, 12510]","[0, 0, 276, 829, 1477, 2114, 2667, 3315, 3963, 4562, 5024, 5556, 6186, 6834, 7610, 8297, 8912, 9448, 9634, 10128, 10939, 10939, 11246, 11633, 12401, 12603, 13036, 13365]","[500, 500, 576, 860, 1059, 1367, 1594, 1930, 2209, 2429, 2767, 3172, 3490, 3806, 4354, 4526, 4945, 5364, 5766, 6118, 6295, 6864, 7152, 7331, 8174, 8680, 9025, 9107]","[0, 0, 215, 829, 1229, 1704, 1980, 2472, 3089, 3662, 4271, 4801, 5424, 6095, 6896, 7111, 7759, 8433, 9019, 9979, 10164, 11090, 11519, 11914, 12729, 13502, 14214, 14214]","{'HORDE': 3, 'RIFTHERALD': 1}","{'DRAGON': 3, 'HORDE': 3, 'ATAKHAN': 1}",100.0,"{100: [{'type': 'HORDE', 'sub_type': '', 'time': 6.25}, {'type': 'HORDE', 'sub_type': '', 'time': 6.3}, {'type': 'HORDE', 'sub_type': '', 'time': 6.39}, {'type': 'RIFTHERALD', 'sub_type': '', 'time': 16.75}], 200: [{'type': 'DRAGON', 'sub_type': 'EARTH_DRAGON', 'time': 6.55}, {'type': 'HORDE', 'sub_type': '', 'time': 10.58}, {'type': 'HORDE', 'sub_type': '', 'time': 10.69}, {'type': 'HORDE', 'sub_type': '', 'time': 10.76}, {'type': 'DRAGON', 'sub_type': 'AIR_DRAGON', 'time': 11.85}, {'type': 'ATAKHAN', 'sub_type': '', 'time': 20.76}, {'type': 'DRAGON', 'sub_type': 'CHEMTECH_DRAGON', 'time': 20.85}]}"
Aurora,32552,26429,12187,29.95,209,1,5,True,MIDDLE,Viktor,0.31419939577039274,"[500, 500, 597, 902, 1232, 1617, 1893, 2638, 2945, 3207, 3510, 3681, 4034, 4220, 4594, 5666, 6048, 6715, 7005, 7849, 8211, 8577, 8725, 9203, 9788, 10069, 10288, 10511, 10824, 11571, 12187]","[0, 0, 246, 829, 1385, 2033, 2585, 3339, 3802, 4439, 4810, 5135, 5817, 6118, 6766, 7433, 8020, 9198, 9627, 9994, 10639, 11235, 11235, 12063, 12393, 12764, 13057, 13300, 13612, 14841, 15475]","[500, 500, 632, 965, 1318, 1682, 2028, 2429, 2959, 3291, 4067, 4585, 4882, 5274, 5795, 5980, 6267, 6701, 7352, 7474, 7854, 8352, 8636, 9091, 9952, 10283, 10781, 11706, 12066, 12640, 13094]","[0, 0, 246, 798, 1477, 1958, 2541, 3189, 3837, 4368, 5408, 6066, 6558, 7076, 7641, 7821, 8228, 9070, 9554, 9577, 10193, 11108, 11493, 11952, 12639, 13295, 14037, 15965, 16533, 17391, 17667]","{'HORDE': 3, 'RIFTHERALD': 1, 'DRAGON': 1, 'BARON_NASHOR': 1}","{'DRAGON': 3, 'HORDE': 3, 'ATAKHAN': 1}",100.0,"{100: [{'type': 'HORDE', 'sub_type': '', 'time': 6.29}, {'type': 'HORDE', 'sub_type': '', 'time': 6.45}, {'type': 'HORDE', 'sub_type': '', 'time': 6.57}, {'type': 'RIFTHERALD', 'sub_type': '', 'time': 16.64}, {'type': 'DRAGON', 'sub_type': 'HEXTECH_DRAGON', 'time': 19.27}, {'type': 'BARON_NASHOR', 'sub_type': '', 'time': 28.17}], 200: [{'type': 'DRAGON', 'sub_type': 'EARTH_DRAGON', 'time': 6.48}, {'type': 'HORDE', 'sub_type': '', 'time': 10.86}, {'type': 'HORDE', 'sub_type': '', 'time': 11.07}, {'type': 'HORDE', 'sub_type': '', 'time': 11.24}, {'type': 'DRAGON', 'sub_type': 'AIR_DRAGON', 'time': 13.48}, {'type': 'ATAKHAN', 'sub_type': '', 'time': 21.5}, {'type': 'DRAGON', 'sub_type': 'HEXTECH_DRAGON', 'time': 24.95}]}"
